SET GLOBAL audit_log_flush=ON;
SET GLOBAL audit_log_flush=ON;
CREATE TABLE t1 (c1 INT, c2 CHAR(20));
CREATE TABLE t1
(c1 INT,
c2 CHAR(20));
ERROR 42S01: Table 't1' already exists
INSERT INTO t1 VALUES (1,'a'),(2,'b'),(3,'c');
INSERT INTO `t1` VALUES (4,NULL);
INSERT INTO `t1` VALUES (6,'');
INSERT INTO `t1` VALUES (7,'');
INSERT INTO `t1` VALUES (8,'');
INSERT INTO `t1` VALUES (9,'');
INSERT INTO `t1` VALUES (10,'');
INSERT INTO `t1` VALUES (11,'');
INSERT INTO `t1` VALUES (12,'');
INSERT INTO `t1` VALUES (13,'');
INSERT INTO `t1` VALUES (14,'	');
INSERT INTO `t1` VALUES (15,'
');
INSERT INTO `t1` VALUES (16,'');
INSERT INTO `t1` VALUES (17,'');
INSERT INTO `t1` VALUES (18,'');
INSERT INTO `t1` VALUES (19,'');
INSERT INTO `t1` VALUES (20,'');
INSERT INTO `t1` VALUES (21,'');
INSERT INTO `t1` VALUES (22,'');
INSERT INTO `t1` VALUES (23,'');
INSERT INTO `t1` VALUES (24,'');
INSERT INTO `t1` VALUES (25,'');
INSERT INTO `t1` VALUES (26,'');
INSERT INTO `t1` VALUES (27,'');
INSERT INTO `t1` VALUES (28,'');
INSERT INTO `t1` VALUES (29,'');
INSERT INTO `t1` VALUES (30,'');
INSERT INTO `t1` VALUES (31,'');
INSERT INTO `t1` VALUES (32,'');
INSERT INTO `t1` VALUES (33,'');
INSERT INTO `t1` VALUES (34,'');
INSERT INTO `t1` VALUES (35,'');
INSERT INTO `t1` VALUES (36,'');
SELECT * FROM t1;
c1	c2
1	a
2	b
3	c
4	NULL
6	
7	
8	
9	
10	
11	
12	
13	
14		
15	

16	
17	
18	
19	
20	
21	
22	
23	
24	
25	
26	
27	
28	
29	
30	
31	
32	
33	
34	
35	
36	
SELECT * FROM t2;
ERROR 42S02: Table 'test.t2' doesn't exist
DROP TABLE t1;
PREPARE stmt1 FROM 'SELECT 1';
EXECUTE stmt1;
1
1
SHOW STATUS LIKE 'audit_log%';
Variable_name	Value
Audit_log_buffer_size_overflow	0
DEALLOCATE PREPARE stmt1;
show variables like 'audit_log%';
Variable_name	Value
audit_log_buffer_size	1048576
audit_log_exclude_accounts	
audit_log_exclude_commands	
audit_log_exclude_databases	
audit_log_file	test_audit.log
audit_log_flush	OFF
audit_log_format	JSON
audit_log_handler	FILE
audit_log_include_accounts	
audit_log_include_commands	
audit_log_include_databases	
audit_log_policy	ALL
audit_log_rotate_on_size	0
audit_log_rotations	0
audit_log_strategy	SEMISYNCHRONOUS
audit_log_syslog_facility	LOG_USER
audit_log_syslog_ident	percona-audit
audit_log_syslog_priority	LOG_INFO
connect(localhost,no_such_user,,mysql,MASTER_PORT,MASTER_SOCKET);
ERROR 28000: Access denied for user 'no_such_user'@'localhost' (using password: NO)
create table t1 (id int);
create table t2 (id int);
insert into t1 values (1), (2);
insert into t2 values (1), (2), (1), (2), (1), (2), (1), (2), (1), (2), (1), (2), (1), (2), (1), (2), (1), (2), (1), (2), (1), (2), (1), (2), (1), (2), (1), (2), (1), (2), (1), (2), (1), (2), (1), (2), (1), (2), (1), (2), (1), (2), (1), (2), (1), (2), (1), (2), (1), (2), (1), (2), (1), (2), (1), (2), (1), (2), (1), (2), (1), (2), (1), (2), (1), (2), (1), (2), (1), (2), (1), (2), (1), (2), (1), (2), (1), (2), (1), (2), (1), (2), (1), (2), (1), (2), (1), (2), (1), (2), (1), (2), (1), (2), (1), (2), (1), (2), (1), (2), (1), (2), (1), (2), (1), (2), (1), (2), (1), (2), (1), (2), (1), (2), (1), (2), (1), (2), (1), (2), (1), (2), (1), (2), (1), (2), (1), (2), (1), (2), (1), (2), (1), (2), (1), (2), (1), (2), (1), (2), (1), (2), (1), (2), (1), (2), (1), (2), (1), (2), (1), (2), (1), (2), (1), (2), (1), (2), (1), (2), (1), (2), (1), (2), (1), (2), (1), (2), (1), (2), (1), (2), (1), (2), (1), (2), (1), (2), (1), (2), (1), (2), (1), (2), (1), (2), (1), (2), (1), (2), (1), (2), (1), (2), (1), (2), (1), (2), (1), (2), (1), (2), (1), (2), (1), (2), (1), (2), (1), (2), (1), (2), (1), (2), (1), (2), (1), (2), (1), (2), (1), (2), (1), (2), (1), (2), (1), (2), (1), (2), (1), (2), (1), (2), (1), (2), (1), (2), (1), (2), (1), (2), (1), (2), (1), (2), (1), (2), (1), (2), (1), (2), (1), (2), (1), (2), (1), (2), (1), (2), (1), (2), (1), (2), (1), (2), (1), (2), (1), (2), (1), (2), (1), (2), (1), (2), (1), (2), (1), (2), (1), (2), (1), (2), (1), (2), (1), (2), (1), (2), (1), (2), (1), (2), (1), (2), (1), (2), (1), (2), (1), (2), (1), (2), (1), (2), (1), (2), (1), (2), (1), (2), (1), (2), (1), (2), (1), (2), (1), (2), (1), (2), (1), (2), (1), (2), (1), (2), (1), (2), (1), (2), (1), (2), (1), (2), (1), (2), (1), (2), (1), (2), (1), (2), (1), (2), (1), (2), (1), (2), (1), (2), (1), (2), (1), (2), (1), (2), (1), (2), (1), (2), (1), (2), (1), (2), (1), (2), (1), (2), (1), (2), (1), (2), (1), (2), (1), (2), (1), (2), (1), (2), (1), (2), (1), (2), (1), (2), (1), (2), (1), (2), (1), (2), (1), (2), (1), (2), (1), (2), (1), (2), (1), (2), (1), (2), (1), (2), (1), (2), (1), (2), (1), (2), (1), (2), (1), (2), (1), (2), (1), (2), (1), (2), (1), (2), (1), (2), (1), (2), (1), (2), (1), (2), (1), (2), (1), (2), (1), (2), (1), (2), (1), (2), (1), (2), (1), (2), (1), (2), (1), (2), (1), (2), (1), (2), (1), (2), (1), (2), (1), (2), (1), (2), (1), (2), (1), (2), (1), (2), (1), (2), (1), (2), (1), (2), (1), (2), (1), (2), (1), (2), (1), (2), (1), (2), (1), (2), (1), (2), (1), (2), (1), (2), (1), (2), (1), (2), (1), (2), (1), (2), (1), (2), (1), (2), (1), (2), (1), (2), (1), (2), (1), (2), (1), (2), (1), (2), (1), (2), (1), (2), (1), (2), (1), (2), (1), (2), (1), (2), (1), (2), (1), (2), (1), (2), (1), (2), (1), (2), (1), (2), (1), (2), (1), (2), (1), (2), (1), (2), (1), (2), (1), (2), (1), (2), (1), (2), (1), (2), (1), (2), (1), (2), (1), (2), (1), (2), (1), (2), (1), (2), (1), (2), (1), (2), (1), (2), (1), (2), (1), (2), (1), (2), (1), (2), (1), (2), (1), (2), (1), (2), (1), (2), (1), (2), (1), (2), (1), (2), (1), (2), (1), (2), (1), (2), (1), (2), (1), (2), (1), (2), (1), (2), (1), (2), (1), (2), (1), (2), (1), (2), (1), (2), (1), (2), (1), (2), (1), (2), (1), (2), (1), (2), (1), (2), (1), (2), (1), (2), (1), (2), (1), (2), (1), (2), (1), (2), (1), (2), (1), (2), (1), (2), (1), (2), (1), (2), (1), (2), (1), (2), (1), (2), (1), (2), (1), (2), (1), (2), (1), (2), (1), (2), (1), (2), (1), (2), (1), (2), (1), (2), (1), (2), (1), (2), (1), (2), (1), (2), (1), (2), (1), (2), (1), (2), (1), (2), (1), (2), (1), (2), (1), (2), (1), (2), (1), (2), (1), (2), (1), (2), (1), (2), (1), (2), (1), (2), (1), (2), (1), (2), (1), (2), (1), (2), (1), (2), (1), (2), (1), (2), (1), (2), (1), (2), (1), (2), (1), (2), (1), (2), (1), (2), (1), (2), (1), (2), (1), (2), (1), (2), (1), (2), (1), (2), (1), (2), (1), (2), (1), (2), (1), (2), (1), (2), (1), (2), (1), (2), (1), (2), (1), (2), (1), (2), (1), (2), (1), (2), (1), (2), (1), (2), (1), (2), (1), (2), (1), (2), (1), (2), (1), (2), (1), (2), (1), (2), (1), (2), (1), (2), (1), (2), (1), (2), (1), (2), (1), (2), (1), (2), (1), (2), (1), (2), (1), (2), (1), (2), (1), (2), (1), (2), (1), (2), (1), (2), (1), (2), (1), (2), (1), (2), (1), (2), (1), (2), (1), (2), (1), (2), (1), (2), (1), (2), (1), (2), (1), (2), (1), (2), (1), (2), (1), (2), (1), (2), (1), (2), (1), (2), (1), (2), (1), (2), (1), (2), (1), (2), (1), (2), (1), (2), (1), (2), (1), (2), (1), (2), (1), (2), (1), (2), (1), (2), (1), (2), (1), (2), (1), (2), (1), (2), (1), (2), (1), (2), (1), (2), (1), (2), (1), (2), (1), (2), (1), (2), (1), (2), (1), (2), (1), (2), (1), (2), (1), (2), (1), (2), (1), (2), (1), (2), (1), (2), (1), (2), (1), (2), (1), (2), (1), (2), (1), (2), (1), (2), (1), (2), (1), (2), (1), (2), (1), (2), (1), (2), (1), (2), (1), (2), (1), (2), (1), (2), (1), (2), (1), (2), (1), (2), (1), (2), (1), (2), (1), (2), (1), (2), (1), (2), (1), (2), (1), (2), (1), (2), (1), (2), (1), (2), (1), (2), (1), (2), (1), (2), (1), (2), (1), (2), (1), (2), (1), (2), (1), (2), (1), (2), (1), (2), (1), (2), (1), (2), (1), (2), (1), (2), (1), (2), (1), (2), (1), (2), (1), (2), (1), (2), (1), (2), (1), (2), (1), (2), (1), (2), (1), (2), (1), (2), (1), (2), (1), (2), (1), (2), (1), (2), (1), (2), (1), (2), (1), (2), (1), (2), (1), (2), (1), (2), (1), (2), (1), (2), (1), (2), (1), (2), (1), (2), (1), (2), (1), (2), (1), (2), (1), (2), (1), (2), (1), (2), (1), (2), (1), (2), (1), (2), (1), (2), (1), (2), (1), (2), (1), (2), (1), (2), (1), (2), (1), (2), (1), (2), (1), (2), (1), (2), (1), (2), (1), (2), (1), (2), (1), (2), (1), (2), (1), (2), (1), (2), (1), (2), (1), (2), (1), (2), (1), (2), (1), (2), (1), (2), (1), (2), (1), (2), (1), (2), (1), (2), (1), (2), (1), (2), (1), (2), (1), (2), (1), (2), (1), (2), (1), (2), (1), (2), (1), (2), (1), (2), (1), (2), (1), (2), (1), (2), (1), (2), (1), (2), (1), (2), (1), (2), (1), (2), (1), (2), (1), (2), (1), (2), (1), (2), (1), (2), (1), (2), (1), (2), (1), (2), (1), (2), (1), (2), (1), (2), (1), (2), (1), (2), (1), (2), (1), (2), (1), (2), (1), (2), (1), (2), (1), (2), (1), (2), (1), (2), (1), (2), (1), (2), (1), (2), (1), (2), (1), (2), (1), (2), (1), (2), (1), (2), (1), (2), (1), (2), (1), (2), (1), (2), (1), (2), (1), (2), (1), (2), (1), (2), (1), (2), (1), (2), (1), (2), (1), (2), (1), (2), (1), (2), (1), (2), (1), (2), (1), (2), (1), (2), (1), (2), (1), (2), (1), (2), (1), (2), (1), (2), (1), (2), (1), (2), (1), (2), (1), (2), (1), (2), (1), (2), (1), (2), (1), (2), (1), (2), (1), (2), (1), (2), (1), (2), (1), (2), (1), (2), (1), (2), (1), (2), (1), (2), (1), (2), (1), (2), (1), (2), (1), (2), (1), (2), (1), (2), (1), (2), (1), (2), (1), (2), (1), (2), (1), (2), (1), (2), (1), (2), (1), (2), (1), (2), (1), (2), (1), (2), (1), (2), (1), (2), (1), (2), (1), (2), (1), (2), (1), (2), (1), (2), (1), (2), (1), (2), (1), (2), (1), (2), (1), (2), (1), (2), (1), (2), (1), (2), (1), (2), (1), (2), (1), (2), (1), (2), (1), (2), (1), (2), (1), (2), (1), (2), (1), (2), (1), (2), (1), (2), (1), (2), (1), (2), (1), (2), (1), (2), (1), (2), (1), (2), (1), (2), (1), (2), (1), (2), (1), (2), (1), (2), (1), (2), (1), (2), (1), (2), (1), (2), (1), (2), (1), (2), (1), (2), (1), (2), (1), (2), (1), (2), (1), (2), (1), (2), (1), (2), (1), (2), (1), (2), (1), (2), (1), (2), (1), (2);
select * from t1;
id
1
2
alter table t1 rename renamed_t1;
select * from t_doesnt_exist;
ERROR 42S02: Table 'test.t_doesnt_exist' doesn't exist
syntax_error_query;
ERROR 42000: You have an error in your SQL syntax; check the manual that corresponds to your MySQL server version for the right syntax to use near 'syntax_error_query' at line 1
drop table renamed_t1, t2;
show variables like 'audit_log%';
Variable_name	Value
audit_log_buffer_size	1048576
audit_log_exclude_accounts	
audit_log_exclude_commands	
audit_log_exclude_databases	
audit_log_file	test_audit.log
audit_log_flush	OFF
audit_log_format	JSON
audit_log_handler	FILE
audit_log_include_accounts	
audit_log_include_commands	
audit_log_include_databases	
audit_log_policy	ALL
audit_log_rotate_on_size	0
audit_log_rotations	0
audit_log_strategy	SEMISYNCHRONOUS
audit_log_syslog_facility	LOG_USER
audit_log_syslog_ident	percona-audit
audit_log_syslog_priority	LOG_INFO
create database sa_db;
create table t1 (id2 int);
insert into t1 values (1), (2);
select * from t1;
id2
1
2
drop table t1;
use sa_db;
create table sa_t1(id int);
insert into sa_t1 values (1), (2);
drop table sa_t1;
drop database sa_db;
create user 'jeffrey'@'localhost' IDENTIFIED BY 'mypass';
drop user 'jeffrey'@'localhost';
select '&;&&&""""<><<>>>>';
&;&&&""""<><<>>>>
&;&&&""""<><<>>>>
select ' 	
/"\\';
/"\
 	
/"\
set global audit_log_flush= ON;
