select @@global.lower_case_table_names;
@@global.lower_case_table_names
1
# Test that FK names are stored in lower case by SE
create table T1 (
a int primary key
) engine=ndb;
insert into t1 values (1);
create table T2 (
a int primary key,
b int,
constraint myFK1 foreign key (a) references t1 (a),
key XB (b)
) engine=ndb;
alter table T2
add constraint MYfk2 foreign key (b) references test.t1 (a);
# In the past SHOW CREATE TABLE has shown FK name retrieved from SE,
# which stores FK names in lower case.
# After move of related to code to SQL-layer this no longer the case,
# as SQL-layer data-dictionary preserves FK names as is.
show create table t2;
Table	Create Table
t2	CREATE TABLE `t2` (
  `a` int NOT NULL,
  `b` int DEFAULT NULL,
  PRIMARY KEY (`a`),
  KEY `XB` (`b`),
  CONSTRAINT `myFK1` FOREIGN KEY (`a`) REFERENCES `t1` (`a`),
  CONSTRAINT `MYfk2` FOREIGN KEY (`b`) REFERENCES `t1` (`a`)
) ENGINE=ndbcluster DEFAULT CHARSET=utf8mb4 COLLATE=utf8mb4_0900_ai_ci COMMENT='NDB_TABLE=READ_BACKUP=1'
insert into t2 values (2,1);
ERROR 23000: Cannot add or update a child row: a foreign key constraint fails (`test`.`t2`, CONSTRAINT `myfk1` FOREIGN KEY (`a`) REFERENCES `t1` (`a`) ON DELETE NO ACTION ON UPDATE NO ACTION)
insert into t2 values (1,2);
ERROR 23000: Cannot add or update a child row: a foreign key constraint fails (`test`.`t2`, CONSTRAINT `myfk2` FOREIGN KEY (`b`) REFERENCES `t1` (`a`) ON DELETE NO ACTION ON UPDATE NO ACTION)

ndb_show_tables completed.....

select count(*) from ndb_show_tables_results
where type = "'UserTable'" and name in ( "'t1'", "'t2'");
count(*)
2
# Internally SE still stores names in lower case.
select substr(name, -6, 5) as n from ndb_show_tables_results
where type = "'ForeignKey'" and name like "'%myfk%'" order by n;
n
myfk1
myfk2
alter table T2
drop foreign key MYfk1;
alter table t2
drop foreign key myFK2,
algorithm=copy;
show create table t2;
Table	Create Table
t2	CREATE TABLE `t2` (
  `a` int NOT NULL,
  `b` int DEFAULT NULL,
  PRIMARY KEY (`a`),
  KEY `XB` (`b`)
) ENGINE=ndbcluster DEFAULT CHARSET=utf8mb4 COLLATE=utf8mb4_0900_ai_ci COMMENT='NDB_TABLE=READ_BACKUP=1'
# test upper case parent database and table
drop table T2;
create table T2 (
a int primary key,
b int,
constraint myFK1 foreign key (a) references T1 (a),
key XB (b)
) engine=ndb;
alter table T2
add constraint MYfk2 foreign key (b) references TEST.T1 (a);
show create table t2;
Table	Create Table
t2	CREATE TABLE `t2` (
  `a` int NOT NULL,
  `b` int DEFAULT NULL,
  PRIMARY KEY (`a`),
  KEY `XB` (`b`),
  CONSTRAINT `myFK1` FOREIGN KEY (`a`) REFERENCES `t1` (`a`),
  CONSTRAINT `MYfk2` FOREIGN KEY (`b`) REFERENCES `t1` (`a`)
) ENGINE=ndbcluster DEFAULT CHARSET=utf8mb4 COLLATE=utf8mb4_0900_ai_ci COMMENT='NDB_TABLE=READ_BACKUP=1'
insert into t2 values (2,1);
ERROR 23000: Cannot add or update a child row: a foreign key constraint fails (`test`.`t2`, CONSTRAINT `myfk1` FOREIGN KEY (`a`) REFERENCES `t1` (`a`) ON DELETE NO ACTION ON UPDATE NO ACTION)
insert into t2 values (1,2);
ERROR 23000: Cannot add or update a child row: a foreign key constraint fails (`test`.`t2`, CONSTRAINT `myfk2` FOREIGN KEY (`b`) REFERENCES `t1` (`a`) ON DELETE NO ACTION ON UPDATE NO ACTION)

ndb_show_tables completed.....

# Internally SE still stores names in lower case.
select substr(name, -6, 5) as n from ndb_show_tables_results
where type = "'ForeignKey'" and name like "'%myfk%'" order by n;
n
myfk1
myfk2
drop table t2,t1;
