SET DEFAULT_STORAGE_ENGINE = 'tokudb';
DROP TABLE IF EXISTS foo;
create table foo (a int, b int, c int, primary key (a), clustering key (b));
replace into foo values (1,10,100), (2,20,200), (1,10,1000);
explain select * from foo;
id	select_type	table	partitions	type	possible_keys	key	key_len	ref	rows	filtered	Extra
1	SIMPLE	foo	NULL	ALL	NULL	NULL	NULL	NULL	2	100.00	NULL
Warnings:
Note	1003	/* select#1 */ select `test`.`foo`.`a` AS `a`,`test`.`foo`.`b` AS `b`,`test`.`foo`.`c` AS `c` from `test`.`foo`
select * from foo;
a	b	c
1	10	1000
2	20	200
explain select * from foo order by b desc;
id	select_type	table	partitions	type	possible_keys	key	key_len	ref	rows	filtered	Extra
1	SIMPLE	foo	NULL	index	NULL	b	5	NULL	2	100.00	Backward index scan
Warnings:
Note	1003	/* select#1 */ select `test`.`foo`.`a` AS `a`,`test`.`foo`.`b` AS `b`,`test`.`foo`.`c` AS `c` from `test`.`foo` order by `test`.`foo`.`b` desc
select * from foo order by b desc;
a	b	c
2	20	200
1	10	1000
insert ignore into foo values (3,30,300), (1,10,1);
Warnings:
Warning	1062	Duplicate entry '1' for key 'foo.PRIMARY'
explain select * from foo;
id	select_type	table	partitions	type	possible_keys	key	key_len	ref	rows	filtered	Extra
1	SIMPLE	foo	NULL	ALL	NULL	NULL	NULL	NULL	3	100.00	NULL
Warnings:
Note	1003	/* select#1 */ select `test`.`foo`.`a` AS `a`,`test`.`foo`.`b` AS `b`,`test`.`foo`.`c` AS `c` from `test`.`foo`
select * from foo;
a	b	c
1	10	1000
2	20	200
3	30	300
explain select * from foo order by b desc;
id	select_type	table	partitions	type	possible_keys	key	key_len	ref	rows	filtered	Extra
1	SIMPLE	foo	NULL	index	NULL	b	5	NULL	3	100.00	Backward index scan
Warnings:
Note	1003	/* select#1 */ select `test`.`foo`.`a` AS `a`,`test`.`foo`.`b` AS `b`,`test`.`foo`.`c` AS `c` from `test`.`foo` order by `test`.`foo`.`b` desc
select * from foo order by b desc;
a	b	c
3	30	300
2	20	200
1	10	1000
drop table foo;
