set default_storage_engine='tokudb';
drop table if exists t2970;
Warnings:
Note	1051	Unknown table 'test.t2970'
create table t2970 (a int, b int, c int, d int, key(a), key(a,b));
insert into t2970 values (1,1,1,1),(1,2,3,4);
explain select a,count(b),max(b) from t2970 where a > 0 group by a order by a;
id	select_type	table	partitions	type	possible_keys	key	key_len	ref	rows	filtered	Extra
1	SIMPLE	t2970	NULL	index	a,a_2	a_2	10	NULL	2	100.00	Using where; Using index
Warnings:
Note	1003	/* select#1 */ select `test`.`t2970`.`a` AS `a`,count(`test`.`t2970`.`b`) AS `count(b)`,max(`test`.`t2970`.`b`) AS `max(b)` from `test`.`t2970` where (`test`.`t2970`.`a` > 0) group by `test`.`t2970`.`a` order by `test`.`t2970`.`a`
drop table t2970;
