drop table if exists t1,t2,t3;
SET NAMES latin1;
CREATE TABLE t1 (a INT) ENGINE=TokuDB;
INSERT INTO t1 VALUES (1),(2);
CREATE TABLE t2 (b INT) ENGINE=TokuDB;
INSERT INTO t2 VALUES (3),(4);
CREATE TABLE t3 (c VARCHAR(3), INDEX(c)) ENGINE=TokuDB;
INSERT INTO t3 VALUES ('foo'),('bar');
EXPLAIN SELECT * FROM t1
WHERE a IN ( SELECT b FROM t2 ) OR ( 'qux' ) IN ( SELECT c FROM t3 );
id	select_type	table	partitions	type	possible_keys	key	key_len	ref	rows	filtered	Extra
1	PRIMARY	t1	NULL	ALL	NULL	NULL	NULL	NULL	2	100.00	Using where
3	SUBQUERY	t3	NULL	ref	c	c	15	const	1	100.00	Using index
2	DEPENDENT SUBQUERY	t2	NULL	ALL	NULL	NULL	NULL	NULL	2	50.00	Using where
Warnings:
Note	1003	/* select#1 */ select `test`.`t1`.`a` AS `a` from `test`.`t1` where <in_optimizer>(`test`.`t1`.`a`,<exists>(/* select#2 */ select 1 from `test`.`t2` where (<cache>(`test`.`t1`.`a`) = `test`.`t2`.`b`)))
drop table if exists t1,t2,t3;
