SET DEFAULT_STORAGE_ENGINE = 'tokudb';
DROP TABLE IF EXISTS foo;
create table foo (a int, b int, c int, primary key (a,b));
insert into foo values (1,10,100),(2,20,200),(3,30,300),(4,40,400),(5,50,500),(6,60,600);
insert into foo values (1,100,100),(2,200,200),(3,300,300),(4,400,400),(5,500,500),(6,600,600);
select * from foo;
a	b	c
1	10	100
1	100	100
2	20	200
2	200	200
3	30	300
3	300	300
4	40	400
4	400	400
5	50	500
5	500	500
6	60	600
6	600	600
explain select * from foo where a=4;
id	select_type	table	partitions	type	possible_keys	key	key_len	ref	rows	filtered	Extra
1	SIMPLE	foo	NULL	ref	PRIMARY	PRIMARY	4	NULL;	2	100.00	NULL
Warnings:
Note	1003	/* select#1 */ select `test`.`foo`.`a` AS `a`,`test`.`foo`.`b` AS `b`,`test`.`foo`.`c` AS `c` from `test`.`foo` where (`test`.`foo`.`a` = 4)
select * from foo where a=4;
a	b	c
4	40	400
4	400	400
explain select * from foo where a>4;
id	select_type	table	partitions	type	possible_keys	key	key_len	ref	rows	filtered	Extra
1	SIMPLE	foo	NULL	range	PRIMARY	PRIMARY	4	NULL;	4	100.00	Using where
Warnings:
Note	1003	/* select#1 */ select `test`.`foo`.`a` AS `a`,`test`.`foo`.`b` AS `b`,`test`.`foo`.`c` AS `c` from `test`.`foo` where (`test`.`foo`.`a` > 4)
select * from foo where a>4;
a	b	c
5	50	500
5	500	500
6	60	600
6	600	600
explain select * from foo where a<3 order by a desc;
id	select_type	table	partitions	type	possible_keys	key	key_len	ref	rows	filtered	Extra
1	SIMPLE	foo	NULL	range	PRIMARY	PRIMARY	4	NULL;	4	100.00	Using where; Backward index scan
Warnings:
Note	1003	/* select#1 */ select `test`.`foo`.`a` AS `a`,`test`.`foo`.`b` AS `b`,`test`.`foo`.`c` AS `c` from `test`.`foo` where (`test`.`foo`.`a` < 3) order by `test`.`foo`.`a` desc
select * from foo where a<3 order by a desc;
a	b	c
2	200	200
2	20	200
1	100	100
1	10	100
explain select * from foo where a>=4;
id	select_type	table	partitions	type	possible_keys	key	key_len	ref	rows	filtered	Extra
1	SIMPLE	foo	NULL	range	PRIMARY	PRIMARY	4	NULL;	6	100.00	Using where
Warnings:
Note	1003	/* select#1 */ select `test`.`foo`.`a` AS `a`,`test`.`foo`.`b` AS `b`,`test`.`foo`.`c` AS `c` from `test`.`foo` where (`test`.`foo`.`a` >= 4)
select * from foo where a>=4;
a	b	c
4	40	400
4	400	400
5	50	500
5	500	500
6	60	600
6	600	600
explain select * from foo where a<=2 order by a desc;
id	select_type	table	partitions	type	possible_keys	key	key_len	ref	rows	filtered	Extra
1	SIMPLE	foo	NULL	range	PRIMARY	PRIMARY	4	NULL;	4	100.00	Using where; Backward index scan
Warnings:
Note	1003	/* select#1 */ select `test`.`foo`.`a` AS `a`,`test`.`foo`.`b` AS `b`,`test`.`foo`.`c` AS `c` from `test`.`foo` where (`test`.`foo`.`a` <= 2) order by `test`.`foo`.`a` desc
select * from foo where a<=2 order by a desc;
a	b	c
2	200	200
2	20	200
1	100	100
1	10	100
explain select * from foo where a=4 order by b desc;
id	select_type	table	partitions	type	possible_keys	key	key_len	ref	rows	filtered	Extra
1	SIMPLE	foo	NULL	ref	PRIMARY	PRIMARY	4	NULL;	2	100.00	Backward index scan
Warnings:
Note	1003	/* select#1 */ select `test`.`foo`.`a` AS `a`,`test`.`foo`.`b` AS `b`,`test`.`foo`.`c` AS `c` from `test`.`foo` where (`test`.`foo`.`a` = 4) order by `test`.`foo`.`b` desc
select * from foo where a=4 order by b desc;
a	b	c
4	400	400
4	40	400
alter table foo drop primary key;
alter table foo add clustering index clst_a(a,b);
explain select * from foo where a=4;
id	select_type	table	partitions	type	possible_keys	key	key_len	ref	rows	filtered	Extra
1	SIMPLE	foo	NULL	ref	clst_a	clst_a	4	NULL;	2	100.00	NULL
Warnings:
Note	1003	/* select#1 */ select `test`.`foo`.`a` AS `a`,`test`.`foo`.`b` AS `b`,`test`.`foo`.`c` AS `c` from `test`.`foo` where (`test`.`foo`.`a` = 4)
select * from foo where a=4;
a	b	c
4	40	400
4	400	400
explain select * from foo where a>4;
id	select_type	table	partitions	type	possible_keys	key	key_len	ref	rows	filtered	Extra
1	SIMPLE	foo	NULL	range	clst_a	clst_a	4	NULL;	4	100.00	Using where
Warnings:
Note	1003	/* select#1 */ select `test`.`foo`.`a` AS `a`,`test`.`foo`.`b` AS `b`,`test`.`foo`.`c` AS `c` from `test`.`foo` where (`test`.`foo`.`a` > 4)
select * from foo where a>4;
a	b	c
5	50	500
5	500	500
6	60	600
6	600	600
explain select * from foo where a<3 order by a desc;
id	select_type	table	partitions	type	possible_keys	key	key_len	ref	rows	filtered	Extra
1	SIMPLE	foo	NULL	range	clst_a	clst_a	4	NULL;	4	100.00	Using where; Backward index scan
Warnings:
Note	1003	/* select#1 */ select `test`.`foo`.`a` AS `a`,`test`.`foo`.`b` AS `b`,`test`.`foo`.`c` AS `c` from `test`.`foo` where (`test`.`foo`.`a` < 3) order by `test`.`foo`.`a` desc
select * from foo where a<3 order by a desc;
a	b	c
2	200	200
2	20	200
1	100	100
1	10	100
explain select * from foo where a>=4;
id	select_type	table	partitions	type	possible_keys	key	key_len	ref	rows	filtered	Extra
1	SIMPLE	foo	NULL	range	clst_a	clst_a	4	NULL;	6	100.00	Using where
Warnings:
Note	1003	/* select#1 */ select `test`.`foo`.`a` AS `a`,`test`.`foo`.`b` AS `b`,`test`.`foo`.`c` AS `c` from `test`.`foo` where (`test`.`foo`.`a` >= 4)
select * from foo where a>=4;
a	b	c
4	40	400
4	400	400
5	50	500
5	500	500
6	60	600
6	600	600
explain select * from foo where a<=2 order by a desc;
id	select_type	table	partitions	type	possible_keys	key	key_len	ref	rows	filtered	Extra
1	SIMPLE	foo	NULL	range	clst_a	clst_a	4	NULL;	4	100.00	Using where; Backward index scan
Warnings:
Note	1003	/* select#1 */ select `test`.`foo`.`a` AS `a`,`test`.`foo`.`b` AS `b`,`test`.`foo`.`c` AS `c` from `test`.`foo` where (`test`.`foo`.`a` <= 2) order by `test`.`foo`.`a` desc
select * from foo where a<=2 order by a desc;
a	b	c
2	200	200
2	20	200
1	100	100
1	10	100
explain select * from foo where a=4 order by b desc;
id	select_type	table	partitions	type	possible_keys	key	key_len	ref	rows	filtered	Extra
1	SIMPLE	foo	NULL	ref	clst_a	clst_a	4	NULL;	2	100.00	Backward index scan
Warnings:
Note	1003	/* select#1 */ select `test`.`foo`.`a` AS `a`,`test`.`foo`.`b` AS `b`,`test`.`foo`.`c` AS `c` from `test`.`foo` where (`test`.`foo`.`a` = 4) order by `test`.`foo`.`b` desc
select * from foo where a=4 order by b desc;
a	b	c
4	400	400
4	40	400
alter table foo drop index clst_a;
alter table foo add index (a,b);
explain select * from foo where a=4;
id	select_type	table	partitions	type	possible_keys	key	key_len	ref	rows	filtered	Extra
1	SIMPLE	foo	NULL	ref	a	a	4	NULL;	2	100.00	NULL
Warnings:
Note	1003	/* select#1 */ select `test`.`foo`.`a` AS `a`,`test`.`foo`.`b` AS `b`,`test`.`foo`.`c` AS `c` from `test`.`foo` where (`test`.`foo`.`a` = 4)
select * from foo where a=4;
a	b	c
4	40	400
4	400	400
explain select * from foo where a>4;
id	select_type	table	partitions	type	possible_keys	key	key_len	ref	rows	filtered	Extra
1	SIMPLE	foo	NULL	range	a	a	4	NULL;	4	100.00	Using where
Warnings:
Note	1003	/* select#1 */ select `test`.`foo`.`a` AS `a`,`test`.`foo`.`b` AS `b`,`test`.`foo`.`c` AS `c` from `test`.`foo` where (`test`.`foo`.`a` > 4)
select * from foo where a>4;
a	b	c
5	50	500
5	500	500
6	60	600
6	600	600
explain select * from foo where a<3 order by a desc;
id	select_type	table	partitions	type	possible_keys	key	key_len	ref	rows	filtered	Extra
1	SIMPLE	foo	NULL	range	a	a	4	NULL;	4	100.00	Using where; Backward index scan
Warnings:
Note	1003	/* select#1 */ select `test`.`foo`.`a` AS `a`,`test`.`foo`.`b` AS `b`,`test`.`foo`.`c` AS `c` from `test`.`foo` where (`test`.`foo`.`a` < 3) order by `test`.`foo`.`a` desc
select * from foo where a<3 order by a desc;
a	b	c
2	200	200
2	20	200
1	100	100
1	10	100
explain select * from foo where a>=4;
id	select_type	table	partitions	type	possible_keys	key	key_len	ref	rows	filtered	Extra
1	SIMPLE	foo	NULL	range	a	a	4	NULL;	6	100.00	Using where
Warnings:
Note	1003	/* select#1 */ select `test`.`foo`.`a` AS `a`,`test`.`foo`.`b` AS `b`,`test`.`foo`.`c` AS `c` from `test`.`foo` where (`test`.`foo`.`a` >= 4)
select * from foo where a>=4;
a	b	c
4	40	400
4	400	400
5	50	500
5	500	500
6	60	600
6	600	600
explain select * from foo where a<=2 order by a desc;
id	select_type	table	partitions	type	possible_keys	key	key_len	ref	rows	filtered	Extra
1	SIMPLE	foo	NULL	range	a	a	4	NULL;	4	100.00	Using where; Backward index scan
Warnings:
Note	1003	/* select#1 */ select `test`.`foo`.`a` AS `a`,`test`.`foo`.`b` AS `b`,`test`.`foo`.`c` AS `c` from `test`.`foo` where (`test`.`foo`.`a` <= 2) order by `test`.`foo`.`a` desc
select * from foo where a<=2 order by a desc;
a	b	c
2	200	200
2	20	200
1	100	100
1	10	100
explain select * from foo where a=4 order by b desc;
id	select_type	table	partitions	type	possible_keys	key	key_len	ref	rows	filtered	Extra
1	SIMPLE	foo	NULL	ref	a	a	4	NULL;	2	100.00	Backward index scan
Warnings:
Note	1003	/* select#1 */ select `test`.`foo`.`a` AS `a`,`test`.`foo`.`b` AS `b`,`test`.`foo`.`c` AS `c` from `test`.`foo` where (`test`.`foo`.`a` = 4) order by `test`.`foo`.`b` desc
select * from foo where a=4 order by b desc;
a	b	c
4	400	400
4	40	400
DROP TABLE foo;
