CREATE TABLE t1 (a INT PRIMARY KEY) ENGINE=innodb;
CREATE TABLE t2 (b INT PRIMARY KEY) ENGINE=tokudb;
BEGIN;
include/assert.inc [log_bin must be off]
INSERT INTO t1 VALUES (1);
INSERT INTO t2 VALUES (2);
COMMIT;
SELECT * FROM t1;
a
1
SELECT * FROM t2;
b
2
DROP TABLE t1, t2;
