DROP DATABASE IF EXISTS `drop-temp+table-test`;
RESET MASTER;
CREATE DATABASE `drop-temp+table-test`;
USE `drop-temp+table-test`;
CREATE TEMPORARY TABLE shortn1 (a INT);
CREATE TEMPORARY TABLE `table:name` (a INT);
CREATE TEMPORARY TABLE shortn2 (a INT);
CREATE TEMPORARY TABLE tmp(c1 int);
CREATE TEMPORARY TABLE tmp1(c1 int);
CREATE TEMPORARY TABLE tmp2(c1 int);
CREATE TEMPORARY TABLE tmp3(c1 int);
CREATE TABLE t(c1 int);
DROP TEMPORARY TABLE IF EXISTS tmp;
DROP TEMPORARY TABLE IF EXISTS tmp;
DROP TEMPORARY TABLE IF EXISTS tmp, tmp1;
DROP TEMPORARY TABLE tmp3;
DROP TABLE IF EXISTS tmp2, t;
DROP TABLE IF EXISTS tmp2, t;
SELECT GET_LOCK("a",10);
GET_LOCK("a",10)
1
USE test;
SELECT GET_LOCK("a",10);
GET_LOCK("a",10)
1
include/show_binlog_events.inc
Log_name	Pos	Event_type	Server_id	End_log_pos	Info
master-bin.000001	#	Query	#	#	CREATE DATABASE `drop-temp+table-test`
master-bin.000001	#	Query	#	#	use `drop-temp+table-test`; CREATE TEMPORARY TABLE shortn1 (a INT)
master-bin.000001	#	Query	#	#	use `drop-temp+table-test`; CREATE TEMPORARY TABLE `table:name` (a INT)
master-bin.000001	#	Query	#	#	use `drop-temp+table-test`; CREATE TEMPORARY TABLE shortn2 (a INT)
master-bin.000001	#	Query	#	#	use `drop-temp+table-test`; CREATE TEMPORARY TABLE tmp(c1 int)
master-bin.000001	#	Query	#	#	use `drop-temp+table-test`; CREATE TEMPORARY TABLE tmp1(c1 int)
master-bin.000001	#	Query	#	#	use `drop-temp+table-test`; CREATE TEMPORARY TABLE tmp2(c1 int)
master-bin.000001	#	Query	#	#	use `drop-temp+table-test`; CREATE TEMPORARY TABLE tmp3(c1 int)
master-bin.000001	#	Query	#	#	use `drop-temp+table-test`; CREATE TABLE t(c1 int)
master-bin.000001	#	Query	#	#	use `drop-temp+table-test`; DROP TEMPORARY TABLE IF EXISTS `tmp` /* generated by server */
master-bin.000001	#	Query	#	#	use `drop-temp+table-test`; DROP TEMPORARY TABLE IF EXISTS `tmp1` /* generated by server */
master-bin.000001	#	Query	#	#	use `drop-temp+table-test`; DROP TEMPORARY TABLE `tmp3` /* generated by server */
master-bin.000001	#	Query	#	#	use `drop-temp+table-test`; DROP TEMPORARY TABLE IF EXISTS `tmp2` /* generated by server */
master-bin.000001	#	Query	#	#	use `drop-temp+table-test`; DROP TABLE IF EXISTS `t` /* generated by server */
master-bin.000001	#	Query	#	#	use `drop-temp+table-test`; DROP TABLE IF EXISTS `tmp2`,`t` /* generated by server */
master-bin.000001	#	Query	#	#	use `drop-temp+table-test`; DROP /*!40005 TEMPORARY */ TABLE IF EXISTS `shortn2`,`table:name`,`shortn1`
DROP DATABASE `drop-temp+table-test`;
RESET MASTER;
CREATE TABLE t1 ( i text );
CREATE TEMPORARY TABLE ttmp1 ( i text );
SET @@session.binlog_format=ROW;
INSERT INTO t1 VALUES ('1');
SELECT @@session.binlog_format;
@@session.binlog_format
ROW
include/show_binlog_events.inc
Log_name	Pos	Event_type	Server_id	End_log_pos	Info
master-bin.000001	#	Query	#	#	use `test`; CREATE TABLE t1 ( i text )
master-bin.000001	#	Query	#	#	use `test`; CREATE TEMPORARY TABLE ttmp1 ( i text )
master-bin.000001	#	Query	#	#	BEGIN
master-bin.000001	#	Table_map	#	#	table_id: # (test.t1)
master-bin.000001	#	Write_rows	#	#	table_id: # flags: STMT_END_F
master-bin.000001	#	Xid	#	#	COMMIT /* XID */
master-bin.000001	#	Query	#	#	use `test`; DROP /*!40005 TEMPORARY */ TABLE IF EXISTS `ttmp1`
DROP TABLE t1;
RESET MASTER;
#
# Bug 83003: Using temporary tables on slaves increases GTID sequence number
#
SET @saved_binlog_format= @@SESSION.binlog_format;
SET SESSION binlog_format= STATEMENT;
CREATE TEMPORARY TABLE temp_needs_logging(a INT) ENGINE=InnoDB;
SET SESSION binlog_format= @saved_binlog_format;
CREATE TEMPORARY TABLE temp_trx(a INT) ENGINE=InnoDB;
CREATE TEMPORARY TABLE temp_non_trx(a INT) ENGINE=MyISAM;
CREATE TEMPORARY TABLE temp_needs_logging_in_stmt(a INT) ENGINE=InnoDB;
SET SESSION sql_log_bin= 0;
CREATE TEMPORARY TABLE temp_binlog_disabled(a INT) ENGINE=InnoDB;
SET SESSION sql_log_bin= 1;
include/show_binlog_events.inc
Log_name	Pos	Event_type	Server_id	End_log_pos	Info
master-bin.000001	#	Query	#	#	use `test`; CREATE TEMPORARY TABLE temp_needs_logging(a INT) ENGINE=InnoDB
master-bin.000001	#	Query	#	#	use `test`; CREATE TEMPORARY TABLE temp_trx(a INT) ENGINE=InnoDB
master-bin.000001	#	Query	#	#	use `test`; CREATE TEMPORARY TABLE temp_non_trx(a INT) ENGINE=MyISAM
master-bin.000001	#	Query	#	#	use `test`; CREATE TEMPORARY TABLE temp_needs_logging_in_stmt(a INT) ENGINE=InnoDB
master-bin.000001	#	Query	#	#	use `test`; DROP /*!40005 TEMPORARY */ TABLE IF EXISTS `temp_needs_logging_in_stmt`,`temp_trx`,`temp_needs_logging`
master-bin.000001	#	Query	#	#	use `test`; DROP /*!40005 TEMPORARY */ TABLE IF EXISTS `temp_non_trx`
#
# BUG#28642318: POINT IN TIME RECOVERY USING MYSQLBINLOG BROKEN
#               WITH TEMPORARY TABLE -> ERRORS
# Test case for DELETE query.
RESET MASTER;
# Set up.
SET @save_binlog_format= @@session.binlog_format;
SET @@session.binlog_format=STATEMENT;
CREATE TABLE t1 (a INT) ENGINE=INNODB;
SET @@session.binlog_format=STATEMENT;
CREATE TEMPORARY TABLE t1 (b BLOB) ENGINE=INNODB;
DELETE d1, d2 FROM t1 AS d1, t1 AS d2 WHERE d1.a<>d2.a;
DROP TABLE t1;
# DELETE query fails with table re-open error without patch.
# Clean up.
DROP TABLE IF EXISTS t1;
DROP TABLE IF EXISTS t1;
RESET MASTER;
# Test case for DROP query.
CREATE TABLE t1 (a INT) ENGINE=INNODB;
CREATE TEMPORARY TABLE t1 (b BLOB) ENGINE=INNODB;
DROP TABLE t1;
DROP TABLE t1;
# DROP table query fails with unknown table error without patch.
# Clean up
SET @@session.binlog_format= @save_binlog_format;
RESET MASTER;
