SET DEFAULT_STORAGE_ENGINE='tokudb';
DROP TABLE IF EXISTS foo;
set session tokudb_disable_slow_alter=ON;
create table foo (a int, b bigint, c char(10), d varchar(10), e text, primary key (a), key(b), clustering key (d))engine=TOkuDB;
insert into foo values (1,10,"cc","dddd","eeeee");
select * from foo;
a	b	c	d	e
1	10	cc	dddd	eeeee
alter table foo change a aa int;
show create table foo;
Table	Create Table
foo	CREATE TABLE `foo` (
  `aa` int NOT NULL,
  `b` bigint DEFAULT NULL,
  `c` char(10) DEFAULT NULL,
  `d` varchar(10) DEFAULT NULL,
  `e` text,
  PRIMARY KEY (`aa`),
  KEY `b` (`b`),
  CLUSTERING KEY `d` (`d`)
) ENGINE=TokuDB DEFAULT CHARSET=utf8mb4 COLLATE=utf8mb4_0900_ai_ci
select * from foo;
aa	b	c	d	e
1	10	cc	dddd	eeeee
explain select * from foo where aa > 0;
id	select_type	table	partitions	type	possible_keys	key	key_len	ref	rows	filtered	Extra
1	SIMPLE	foo	NULL	range	PRIMARY	PRIMARY	4	NULL	1	100.00	Using where
Warnings:
Note	1003	/* select#1 */ select `test`.`foo`.`aa` AS `aa`,`test`.`foo`.`b` AS `b`,`test`.`foo`.`c` AS `c`,`test`.`foo`.`d` AS `d`,`test`.`foo`.`e` AS `e` from `test`.`foo` where (`test`.`foo`.`aa` > 0)
select * from foo where aa > 0;
aa	b	c	d	e
1	10	cc	dddd	eeeee
alter table foo change b bb bigint;
show create table foo;
Table	Create Table
foo	CREATE TABLE `foo` (
  `aa` int NOT NULL,
  `bb` bigint DEFAULT NULL,
  `c` char(10) DEFAULT NULL,
  `d` varchar(10) DEFAULT NULL,
  `e` text,
  PRIMARY KEY (`aa`),
  KEY `b` (`bb`),
  CLUSTERING KEY `d` (`d`)
) ENGINE=TokuDB DEFAULT CHARSET=utf8mb4 COLLATE=utf8mb4_0900_ai_ci
explain select bb from foo FORCE INDEX (b) where bb > 5;
id	select_type	table	partitions	type	possible_keys	key	key_len	ref	rows	filtered	Extra
1	SIMPLE	foo	NULL	index	b	b	9	NULL	1	100.00	Using where; Using index
Warnings:
Note	1003	/* select#1 */ select `test`.`foo`.`bb` AS `bb` from `test`.`foo` FORCE INDEX (`b`) where (`test`.`foo`.`bb` > 5)
select bb from foo FORCE INDEX (b) where bb > 5;
bb
10
alter table foo change d dd varchar(10);
show create table foo;
Table	Create Table
foo	CREATE TABLE `foo` (
  `aa` int NOT NULL,
  `bb` bigint DEFAULT NULL,
  `c` char(10) DEFAULT NULL,
  `dd` varchar(10) DEFAULT NULL,
  `e` text,
  PRIMARY KEY (`aa`),
  KEY `b` (`bb`),
  CLUSTERING KEY `d` (`dd`)
) ENGINE=TokuDB DEFAULT CHARSET=utf8mb4 COLLATE=utf8mb4_0900_ai_ci
explain select * from foo where dd > "d";
id	select_type	table	partitions	type	possible_keys	key	key_len	ref	rows	filtered	Extra
1	SIMPLE	foo	NULL	range	d	d	43	NULL	1	100.00	Using where
Warnings:
Note	1003	/* select#1 */ select `test`.`foo`.`aa` AS `aa`,`test`.`foo`.`bb` AS `bb`,`test`.`foo`.`c` AS `c`,`test`.`foo`.`dd` AS `dd`,`test`.`foo`.`e` AS `e` from `test`.`foo` where (`test`.`foo`.`dd` > 'd')
select * from foo where dd > "d";
aa	bb	c	dd	e
1	10	cc	dddd	eeeee
drop table foo;
