SET sql_mode = '';
CREATE TABLE t1(a TEXT NOT NULL) ROW_FORMAT=DYNAMIC, ENGINE=NotPresent;
Warnings:
Warning	1286	Unknown storage engine 'NotPresent'
Warning	1266	Using storage engine MyISAM for table 't1'
INSERT INTO t1 VALUES (1);
INSERT INTO t1 (a) VALUES (1), (2), (3), (4), (5), (6), (7), (8), (9), (10);
INSERT INTO t1 VALUES (CONVERT(_ucs2 0x06390645064400BB USING utf8));
Warnings:
Warning	1366	Incorrect string value: '\xD8\xB9\xD9\x85\xD9\x84...' for column 'a' at row 1
INSERT INTO t1 VALUES (0xAEA5);
INSERT INTO t1 VALUES (_ucs2 0x0184),(_ucs2 0x0185),(_ucs2 0x0186),(_ucs2 0x0187);
Warnings:
Warning	1366	Incorrect string value: '\x01\x84' for column 'a' at row 1
Warning	1366	Incorrect string value: '\x01\x85' for column 'a' at row 2
Warning	1366	Incorrect string value: '\x01\x86' for column 'a' at row 3
Warning	1366	Incorrect string value: '\x01\x87' for column 'a' at row 4
SET @@session.max_join_size = 8;
INSERT INTO t1 VALUES (Point(-1*0e0, -1*0e0)), (Point(0, 0));
INSERT INTO t1 VALUES (1), (1);
INSERT INTO t1 VALUES ('00:00:01.000015');
INSERT INTO t1 VALUES (0x40);
INSERT INTO t1 VALUES ('test000001'), ('test000002'), ('test000003');
INSERT INTO t1 VALUES (1);
INSERT INTO t1 VALUES ('2007-03-08 12:00:00');
INSERT INTO t1 VALUES(0xA9A7);
INSERT INTO t1 SET a = 0x6c;
INSERT INTO t1 VALUES(0xABA8);
INSERT IGNORE INTO t1 VALUES ('abc');
INSERT INTO t1 VALUES (0xA9EA);
INSERT INTO t1 VALUES ('a');
INSERT INTO t1 VALUES (1);
INSERT INTO t1 VALUES ('1000-00-00');
SELECT MIN(a) AS min_a, a FROM t1 WHERE 1 = 2 HAVING a NOT IN ( SELECT a FROM t1 UNION SELECT a + 1 FROM t1 ) OR min_a != 1;
ERROR 42000: The SELECT would examine more than MAX_JOIN_SIZE rows; check your WHERE and use SET SQL_BIG_SELECTS=1 or SET MAX_JOIN_SIZE=# if the SELECT is okay
DROP TABLE t1;
