#
# Bug#34402003: HYPERGRAPH BUG: Offload issue with execute statement.
#
CREATE TABLE t1(a INT);
CREATE TABLE t2(a INT);
CREATE TABLE t3(a INT);
INSERT INTO t1 VALUES (1),(2),(5);
INSERT INTO t2 VALUES (2);
INSERT INTO t3 VALUES (3);
ANALYZE TABLE t1, t2, t3;
Table	Op	Msg_type	Msg_text
test.t1	analyze	status	OK
test.t2	analyze	status	OK
test.t3	analyze	status	OK
SET optimizer_trace='enabled=on';
PREPARE stmt FROM "EXPLAIN FORMAT=tree SELECT * FROM t1 LEFT JOIN t2 ON t1.a=t2.a JOIN t3 ON t1.a=5";
EXECUTE stmt;
EXPLAIN
-> Nested loop inner join  (cost=1.16..1.16 rows=0.3)
    -> Nested loop left join  (cost=0.91..0.91 rows=0.3)
        -> Filter: (t1.a = 5)  (cost=0.55..0.55 rows=0.3)
            -> Table scan on t1  (cost=0.0833..0.25 rows=3)
        -> Filter: ((t2.a = 5) and (t1.a = 5))  (cost=0.36..0.36 rows=0.01)
            -> Table scan on t2  (cost=0.25..0.25 rows=1)
    -> Table scan on t3  (cost=0.25..0.25 rows=1)

SELECT
IF(TRACE LIKE '%Left join [companion set %] (extra join condition = (t1.a = 5) AND (t2.a = 5))%',
'OK', TRACE)
FROM INFORMATION_SCHEMA.OPTIMIZER_TRACE;
IF(TRACE LIKE '%Left join [companion set %] (extra join condition = (t1.a = 5) AND (t2.a = 5))%',
'OK', TRACE)
OK
PREPARE stmt FROM "SELECT * FROM t1 LEFT JOIN t2 ON t1.a=t2.a JOIN t3 ON t1.a=5";
EXECUTE stmt;
a	a	a
5	NULL	3
SET optimizer_trace="enabled=off";
DROP TABLE t1,t2,t3;
CREATE TABLE t0 (a0 INTEGER);
CREATE TABLE t1 (a1 INTEGER);
CREATE TABLE t2 (a2 INTEGER);
CREATE TABLE t3 (a3 INTEGER);
INSERT INTO t0 VALUES (0),(1);
INSERT INTO t1 VALUES (0),(1);
INSERT INTO t2 VALUES (1);
INSERT INTO t3 VALUES (1);
EXPLAIN FORMAT=tree SELECT * FROM t0, t1 LEFT JOIN (t2,t3) ON a1=5 WHERE a0=a1 AND a0=1;
EXPLAIN
-> Nested loop left join  (cost=0.9..0.9 rows=0.04)
    -> Nested loop inner join  (cost=0.9..0.9 rows=0.04)
        -> Filter: (t0.a0 = 1)  (cost=0.45..0.45 rows=0.2)
            -> Table scan on t0  (cost=0.125..0.25 rows=2)
        -> Filter: (t1.a1 = 1)  (cost=0.45..0.45 rows=0.2)
            -> Table scan on t1  (cost=0.125..0.25 rows=2)
    -> Zero rows (Join condition rejects all rows)  (cost=0..0 rows=0)

SELECT * FROM t0, t1 LEFT JOIN (t2,t3) ON a1=5 WHERE a0=a1 AND a0=1;
a0	a1	a2	a3
1	1	NULL	NULL
DROP TABLE t0,t1,t2,t3;
#
# Bug#34401789: Enable constant propagation in conditions
#               for hypergraph optimizer
#
CREATE TABLE t1 (f1 INTEGER);
EXPLAIN FORMAT=tree
SELECT f1 FROM t1 GROUP BY f1 HAVING f1 = 10 AND f1 <> 11;
EXPLAIN
-> Filter: (t1.f1 = 10)  (cost=0.55..0.55 rows=0.1)
    -> Group (no aggregates)  (cost=0.45..0.45 rows=1)
        -> Sort: t1.f1  (cost=0.35..0.35 rows=1)
            -> Table scan on t1  (cost=0.25..0.25 rows=1)

DROP TABLE t1;
#
# Bug#34080394: Hypergraph Offload issue : Problem in
#               ExtractRequiredItemsForFilter.
#
CREATE TABLE t1 (f1 YEAR);
EXPLAIN FORMAT=tree SELECT * FROM t1 WHERE f1 = 1 AND f1 <> 11;
EXPLAIN
-> Filter: (t1.f1 = 2001)  (cost=0.35..0.35 rows=0.1)
    -> Table scan on t1  (cost=0.25..0.25 rows=1)

DROP TABLE t1;
#
# Bug#34504697: Hypergraph: Assertion
#               `!(used_tabs & (~read_tables & ~filter_for_table))'
#               failed
#
CREATE TABLE t1 (f1 INTEGER);
SELECT 1
FROM t1 LEFT JOIN (SELECT t2.*
FROM (t1 AS t2 INNER JOIN t1 AS t3 ON (t3.f1 = t2.f1))
WHERE (t3.f1 <> 1 OR t2.f1 > t2.f1)) AS dt
ON (t1.f1 = dt.f1);
1
DROP TABLE t1;
#
# Bug#34503695:Hypergraph: mysqld crash-signal 11
#              -CommonSubexpressionElimination
#
CREATE TABLE t1 (f1 INTEGER);
SELECT * FROM t1
WHERE t1.f1 NOT IN (SELECT t2.f1
FROM (t1 AS t2 JOIN t1 AS t3 ON (t3.f1 = t2.f1))
WHERE (t3.f1 <> t2.f1 OR t3.f1 < t2.f1));
f1
DROP TABLE t1;
#
# Bug#34527126: Some rapid tests in MTR fail with hypergraph
#               when run in --ps-protocol mode
#
CREATE TABLE t1(f1 INTEGER);
PREPARE ps FROM
"SELECT * FROM (WITH RECURSIVE qn AS (SELECT 1 FROM t1 UNION ALL
                                      SELECT 1 FROM t1 STRAIGHT_JOIN qn)
                                     SELECT * FROM qn) AS dt1,
                                     (SELECT COUNT(*) FROM t1) AS dt2";
EXECUTE ps;
ERROR HY000: In recursive query block of Recursive Common Table Expression 'qn', the recursive table must neither be in the right argument of a LEFT JOIN, nor be forced to be non-first with join order hints
DROP TABLE t1;
#
# Bug#34494877: WL#14449: Offload issue: RapidException (3):
#               rpdrqctr_transcode.c:1447 @ rpdoqc_
#
CREATE TABLE t(x INT, y INT);
INSERT INTO t VALUES (1, 10), (2, 20), (3, 30);
ANALYZE TABLE t;
Table	Op	Msg_type	Msg_text
test.t	analyze	status	OK
EXPLAIN FORMAT=TREE SELECT * FROM
t RIGHT JOIN
(SELECT MAX(y) AS m FROM t WHERE FALSE GROUP BY x) AS dt
ON t.x = dt.m;
EXPLAIN
-> Zero rows (Impossible WHERE)  (cost=0..0 rows=0)

SELECT * FROM
t RIGHT JOIN
(SELECT MAX(y) AS m FROM t WHERE FALSE GROUP BY x) AS dt
ON t.x = dt.m;
x	y	m
EXPLAIN FORMAT=TREE SELECT * FROM
t LEFT JOIN
(SELECT MAX(y) AS m FROM t WHERE FALSE GROUP BY x) AS dt
ON t.x = dt.m;
EXPLAIN
-> Nested loop left join  (rows=3)
    -> Table scan on t  (rows=3)
    -> Zero rows (Impossible WHERE)  (rows=0)

SELECT * FROM
t LEFT JOIN
(SELECT MAX(y) AS m FROM t WHERE FALSE GROUP BY x) AS dt
ON t.x = dt.m;
x	y	m
1	10	NULL
2	20	NULL
3	30	NULL
EXPLAIN FORMAT=TREE SELECT * FROM
t AS t1 LEFT JOIN
(t AS t2
INNER JOIN (SELECT MAX(y) AS m FROM t WHERE FALSE GROUP BY x) AS dt
ON t2.x = dt.m)
ON t1.x = t2.y;
EXPLAIN
-> Nested loop left join  (rows=3)
    -> Table scan on t1  (rows=3)
    -> Zero rows (impossible WHERE)  (rows=0)

SELECT * FROM
t AS t1 LEFT JOIN
(t AS t2
INNER JOIN (SELECT MAX(y) AS m FROM t WHERE FALSE GROUP BY x) AS dt
ON t2.x = dt.m)
ON t1.x = t2.y;
x	y	x	y	m
1	10	NULL	NULL	NULL
2	20	NULL	NULL	NULL
3	30	NULL	NULL	NULL
DROP TABLE t;
#
# Bug#34534373: Heatwave offload issue - Sees inner tables of
#               a semijoin when it should not
#
CREATE TABLE t1 (f1 INTEGER);
EXPLAIN FORMAT=tree
SELECT 1
FROM t1 LEFT JOIN (SELECT * FROM t1 AS t2
WHERE f1 IN (SELECT f1+1 FROM t1 AS t3)) AS dt
ON t1.f1=dt.f1;
EXPLAIN
-> Nested loop left join  (rows=1)
    -> Table scan on t1  (rows=1)
    -> Filter: (t1.f1 = t2.f1)  (rows=0.01)
        -> Nested loop semijoin  (rows=0.1)
            -> Table scan on t2  (rows=1)
            -> Filter: (t2.f1 = (t3.f1 + 1))  (rows=0.1)
                -> Table scan on t3  (rows=1)

DROP TABLE t1;
#
# Bug#34699398: Row estimates for joins ignores histograms.
#
CREATE TABLE num (n INT);
INSERT INTO num VALUES (0),(1),(2),(3),(4),(5),(6),(7),(8),(9);
CREATE TABLE t1 (a INT, ah INT, ai INT, KEY ix1(ai));
INSERT INTO t1 SELECT k%25, k%25, K%25 FROM
(SELECT num1.n+num2.n*10 k FROM num num1, num num2) d1;
CREATE TABLE t2 (b INT, bh INT, bi INT, KEY ix2(bi));
INSERT INTO t2 SELECT k%25, k%25, k%25 FROM
(SELECT num1.n+num2.n*10 k FROM num num1, num num2, num num3) d1;
ANALYZE TABLE t1 UPDATE HISTOGRAM ON ah;
Table	Op	Msg_type	Msg_text
test.t1	histogram	status	Histogram statistics created for column 'ah'.
ANALYZE TABLE t2 UPDATE HISTOGRAM ON bh;
Table	Op	Msg_type	Msg_text
test.t2	histogram	status	Histogram statistics created for column 'bh'.
ANALYZE TABLE t1,t2;
Table	Op	Msg_type	Msg_text
test.t1	analyze	status	OK
test.t2	analyze	status	OK
EXPLAIN ANALYZE SELECT 1 FROM t1,t2 WHERE a=b;
EXPLAIN
-> Inner hash join (t1.a = t2.b)  (rows=10000) (actual rows=4000 loops=1)
    -> Table scan on t2  (rows=1000) (actual rows=1000 loops=1)
    -> Hash
        -> Table scan on t1  (rows=100) (actual rows=100 loops=1)

EXPLAIN ANALYZE SELECT 1 FROM t1 x1, t1 x2 WHERE x1.a=x2.a;
EXPLAIN
-> Inner hash join (x1.a = x2.a)  (rows=1000) (actual rows=400 loops=1)
    -> Table scan on x1  (rows=100) (actual rows=100 loops=1)
    -> Hash
        -> Table scan on x2  (rows=100) (actual rows=100 loops=1)

EXPLAIN ANALYZE SELECT 1 FROM t2 x1, t2 x2 WHERE x1.b=x2.b;
EXPLAIN
-> Inner hash join (x1.b = x2.b)  (rows=100000) (actual rows=40000 loops=1)
    -> Table scan on x1  (rows=1000) (actual rows=1000 loops=1)
    -> Hash
        -> Table scan on x2  (rows=1000) (actual rows=1000 loops=1)

EXPLAIN ANALYZE SELECT 1 FROM t1,t2 WHERE ai=b;
EXPLAIN
-> Nested loop inner join  (rows=4000) (actual rows=4000 loops=1)
    -> Table scan on t2  (rows=1000) (actual rows=1000 loops=1)
    -> Covering index lookup on t1 using ix1 (ai=t2.b)  (rows=4) (actual rows=4 loops=1000)

EXPLAIN ANALYZE SELECT 1 FROM t1 x1, t1 x2 WHERE x1.ai=x2.ai;
EXPLAIN
-> Nested loop inner join  (rows=400) (actual rows=400 loops=1)
    -> Table scan on x2  (rows=100) (actual rows=100 loops=1)
    -> Covering index lookup on x1 using ix1 (ai=x2.ai)  (rows=4) (actual rows=4 loops=100)

EXPLAIN ANALYZE SELECT 1 FROM t1,t2 WHERE ai=bi;
EXPLAIN
-> Nested loop inner join  (rows=4000) (actual rows=4000 loops=1)
    -> Table scan on t1  (rows=100) (actual rows=100 loops=1)
    -> Covering index lookup on t2 using ix2 (bi=t1.ai)  (rows=40) (actual rows=40 loops=100)

EXPLAIN ANALYZE SELECT 1 FROM t1,t2 WHERE a=bi;
EXPLAIN
-> Nested loop inner join  (rows=4000) (actual rows=4000 loops=1)
    -> Table scan on t1  (rows=100) (actual rows=100 loops=1)
    -> Covering index lookup on t2 using ix2 (bi=t1.a)  (rows=40) (actual rows=40 loops=100)

EXPLAIN ANALYZE SELECT 1 FROM t2 x1, t2 x2 WHERE x1.bi=x2.bi;
EXPLAIN
-> Nested loop inner join  (rows=40000) (actual rows=40000 loops=1)
    -> Covering index scan on x2 using ix2  (rows=1000) (actual rows=1000 loops=1)
    -> Covering index lookup on x1 using ix2 (bi=x2.bi)  (rows=40) (actual rows=40 loops=1000)

EXPLAIN ANALYZE SELECT 1 FROM t1,t2 WHERE ah=b;
EXPLAIN
-> Inner hash join (t1.ah = t2.b)  (rows=4000) (actual rows=4000 loops=1)
    -> Table scan on t2  (rows=1000) (actual rows=1000 loops=1)
    -> Hash
        -> Table scan on t1  (rows=100) (actual rows=100 loops=1)

EXPLAIN ANALYZE SELECT 1 FROM t1 x1, t1 x2 WHERE x1.ah=x2.ah;
EXPLAIN
-> Inner hash join (x1.ah = x2.ah)  (rows=400) (actual rows=400 loops=1)
    -> Table scan on x1  (rows=100) (actual rows=100 loops=1)
    -> Hash
        -> Table scan on x2  (rows=100) (actual rows=100 loops=1)

EXPLAIN ANALYZE SELECT 1 FROM t1,t2 WHERE ah=bh;
EXPLAIN
-> Inner hash join (t1.ah = t2.bh)  (rows=4000) (actual rows=4000 loops=1)
    -> Table scan on t2  (rows=1000) (actual rows=1000 loops=1)
    -> Hash
        -> Table scan on t1  (rows=100) (actual rows=100 loops=1)

EXPLAIN ANALYZE SELECT 1 FROM t1,t2 WHERE a=bh;
EXPLAIN
-> Inner hash join (t1.a = t2.bh)  (rows=4000) (actual rows=4000 loops=1)
    -> Table scan on t2  (rows=1000) (actual rows=1000 loops=1)
    -> Hash
        -> Table scan on t1  (rows=100) (actual rows=100 loops=1)

EXPLAIN ANALYZE SELECT 1 FROM t2 x1, t2 x2 WHERE x1.bh=x2.bh;
EXPLAIN
-> Inner hash join (x1.bh = x2.bh)  (rows=40000) (actual rows=40000 loops=1)
    -> Table scan on x1  (rows=1000) (actual rows=1000 loops=1)
    -> Hash
        -> Table scan on x2  (rows=1000) (actual rows=1000 loops=1)

DROP TABLE num, t1, t2;
#
# Bug#34682561: Assertion `!eq_items.is_empty()' failed
#               in make_join_hypergraph.cc
#
CREATE TABLE t1 (f1 INTEGER, f2 INTEGER);
ANALYZE TABLE t1;
Table	Op	Msg_type	Msg_text
test.t1	analyze	status	OK
EXPLAIN FORMAT=tree SELECT f1 FROM t1
WHERE EXISTS (SELECT t2.f1
FROM (t1 AS t2 JOIN t1 AS t3 ON (t3.f1 = t2.f2))
LEFT JOIN t1 AS t4 ON TRUE
WHERE t4.f1 = t3.f1 OR t3.f2 >= t2.f2)
GROUP BY f1;
EXPLAIN
-> Group (no aggregates)  (rows=0.1)
    -> Nested loop semijoin  (rows=0.1)
        -> Sort: t1.f1  (rows=1)
            -> Table scan on t1  (rows=1)
        -> Filter: (((t3.f1 = t2.f2) and (t2.f2 = t4.f1)) or (t3.f2 >= t3.f1))  (rows=0.1)
            -> Nested loop left join  (rows=0.1)
                -> Nested loop inner join  (rows=0.1)
                    -> Table scan on t2  (rows=1)
                    -> Filter: (t3.f1 = t2.f2)  (rows=0.1)
                        -> Table scan on t3  (rows=1)
                -> Table scan on t4  (rows=1)

SELECT f1 FROM t1
WHERE EXISTS (SELECT t2.f1
FROM (t1 AS t2 JOIN t1 AS t3 ON (t3.f1 = t2.f2))
LEFT JOIN t1 AS t4 ON TRUE
WHERE t4.f1 = t3.f1 OR t3.f2 >= t2.f2)
GROUP BY f1;
f1
DROP TABLE t1;
#
# Bug#34717171: Hypergraph :Assertion `false' failed
#               in join_optimizer.cc
#
CREATE TABLE t1 (pk INT PRIMARY KEY AUTO_INCREMENT, x INT);
CREATE TABLE t2 (x INT);
INSERT INTO t1 VALUES (), (), (), (), (), (), (), (), (), ();
INSERT INTO t2 VALUES (), (), (), (), (), (), (), (), (), ();
ANALYZE TABLE t1,t2;
Table	Op	Msg_type	Msg_text
test.t1	analyze	status	OK
test.t2	analyze	status	OK
EXPLAIN FORMAT=tree WITH subq AS (
SELECT * FROM t2
WHERE x IN (SELECT t1.pk FROM t1, t2 AS t3 WHERE t1.x = t3.x)
)
SELECT 1 FROM subq LEFT JOIN t2 AS t4 ON TRUE WHERE subq.x = t4.x;
EXPLAIN
-> Inner hash join (t2.x = t4.x)  (rows=3.16)
    -> Table scan on t4  (rows=10)
    -> Hash
        -> Hash semijoin (t2.x = t1.pk)  (rows=3.16)
            -> Table scan on t2  (rows=10)
            -> Hash
                -> Inner hash join (t1.x = t3.x)  (rows=10)
                    -> Index scan on t1 using PRIMARY  (rows=10)
                    -> Hash
                        -> Table scan on t3  (rows=10)

WITH subq AS (
SELECT * FROM t2
WHERE x IN (SELECT t1.pk FROM t1, t2 AS t3 WHERE t1.x = t3.x)
)
SELECT 1 FROM subq LEFT JOIN t2 AS t4 ON TRUE WHERE subq.x = t4.x;
1
DROP TABLE t1,t2;
#
# Bug#34828364: Assertion `!eq_items.is_empty()' failed
#               in make_join_hypergraph.cc
#
CREATE TABLE t1 (f1 INTEGER, f2 INTEGER);
ANALYZE TABLE t1;
Table	Op	Msg_type	Msg_text
test.t1	analyze	status	OK
EXPLAIN FORMAT=tree SELECT 1
FROM (SELECT * FROM t1
WHERE f1 IN (SELECT t1.f1 FROM (t1 AS t2 JOIN t1 AS t3 ON t3.f1 = t2.f2)
LEFT JOIN t1 AS t4 ON TRUE
WHERE (t3.f2 <> t3.f2 OR t4.f2 = t2.f2))) AS t5 JOIN t1 AS t6
ON TRUE;
EXPLAIN
-> Nested loop inner join  (rows=10e-6)
    -> Nested loop semijoin  (rows=10e-6)
        -> Filter: (t1.f1 = t1.f1)  (rows=0.1)
            -> Table scan on t1  (rows=1)
        -> Filter: (t2.f2 = t4.f2)  (rows=100e-6)
            -> Nested loop left join  (rows=0.001)
                -> Filter: (t3.f1 = t2.f2)  (rows=0.001)
                    -> Nested loop inner join  (rows=0.01)
                        -> Table scan on t2  (rows=1)
                        -> Filter: ((t2.f2 = t3.f1) and (t3.f1 = t2.f2))  (rows=0.01)
                            -> Table scan on t3  (rows=1)
                -> Table scan on t4  (rows=1)
    -> Table scan on t6  (rows=1)

Warnings:
Note	1276	Field or reference 'test.t1.f1' of SELECT #3 was resolved in SELECT #2
SELECT 1
FROM (SELECT * FROM t1
WHERE f1 IN (SELECT t1.f1 FROM (t1 AS t2 JOIN t1 AS t3 ON t3.f1 = t2.f2)
LEFT JOIN t1 AS t4 ON TRUE
WHERE (t3.f2 <> t3.f2 OR t4.f2 = t2.f2))) AS t5 JOIN t1 AS t6
ON TRUE;
1
DROP TABLE t1;
#
# Bug#34821222: Hypergraph: mysqld crash-signal 11 - IsAnd &
#               CommonSubexpressionElimination
#
CREATE TABLE t1 (x INTEGER NOT NULL);
CREATE TABLE t2 (y INTEGER, z INTEGER);
SELECT 1 IN (
SELECT COUNT(*) FROM t1 WHERE x NOT IN (
SELECT 1 FROM t2 WHERE y <> y OR z <> z));
1 IN (
SELECT COUNT(*) FROM t1 WHERE x NOT IN (
SELECT 1 FROM t2 WHERE y <> y OR z <> z))
0
DROP TABLE t1, t2;
#
# Bug#34854369: Customer query hits assert(m_pq.is_valid()) failure
#
CREATE TABLE t (table_id BIGINT UNSIGNED);
SELECT /*+ SET_VAR(optimizer_max_subgraph_pairs = 1) */ 1
FROM t AS t1 JOIN t AS t2 USING (table_id)
JOIN INFORMATION_SCHEMA.INNODB_TABLES AS t3 USING (table_id)
JOIN INFORMATION_SCHEMA.INNODB_TABLES AS t4 USING (table_id)
JOIN INFORMATION_SCHEMA.INNODB_TABLES AS t5 USING (table_id)
JOIN INFORMATION_SCHEMA.INNODB_TABLES AS t6 USING (table_id)
JOIN INFORMATION_SCHEMA.INNODB_TABLES AS t7 USING (table_id)
JOIN INFORMATION_SCHEMA.INNODB_TABLES AS t8 USING (table_id);
1
DROP TABLE t;
CREATE TABLE t0 (x INT) ENGINE = MyISAM;
CREATE TABLE t1 (x INT) ENGINE = InnoDB;
SELECT /*+ SET_VAR(optimizer_max_subgraph_pairs = 1) */ 1
FROM t0 AS a NATURAL JOIN
t0 AS b NATURAL JOIN
t0 AS c NATURAL JOIN
t0 AS d NATURAL JOIN
t0 AS e NATURAL JOIN
t0 AS f NATURAL JOIN
t1 AS g NATURAL JOIN
t1 AS h;
1
DROP TABLE t0, t1;
#
# Bug#34861693: Assertion
# `std::abs(1.0 - EstimateAggregateRows(child, query_block, path->aggreg
#
CREATE TABLE num (n INT);
INSERT INTO num VALUES (0),(1),(2),(3),(4),(5),(6),(7),(8),(9);
CREATE TABLE t1 (a INT, b INT);
INSERT INTO t1 SELECT n,n FROM num UNION SELECT n+10,n+10 FROM num;
CREATE TABLE t2 (a INT, b INT);
ANALYZE TABLE t1, t2;
Table	Op	Msg_type	Msg_text
test.t1	analyze	status	OK
test.t2	analyze	status	OK
EXPLAIN FORMAT=TREE SELECT x1.a+0 k, COUNT(x1.b) FROM t1 x1
LEFT JOIN t2 x2 ON x1.b=x2.a
LEFT JOIN t1 x3 ON x2.b=x3.a GROUP BY k;
EXPLAIN
-> Group aggregate: count(x1.b)  (rows=4.47)
    -> Sort: k  (rows=20)
        -> Left hash join (x1.b = x2.a)  (rows=20)
            -> Table scan on x1  (rows=20)
            -> Hash
                -> Nested loop left join  (rows=2)
                    -> Table scan on x2  (rows=1)
                    -> Filter: (x2.b = x3.a)  (rows=2)
                        -> Table scan on x3  (rows=20)

DROP TABLE t1,t2,num;
#
# Bug#34764211: Too high row estimate for semijoin
#
CREATE TABLE num16 (n INT);
INSERT INTO num16 VALUES (0),(1),(2),(3),(4),(5),(6),(7),(8),(9),(10),(11),(12),(13),(14),(15);
CREATE TABLE t1(
a INT PRIMARY KEY,
b INT,
c INT
);
INSERT INTO t1 SELECT n, n%4, n%4 FROM num16;
ANALYZE TABLE t1 UPDATE HISTOGRAM ON b, c;
Table	Op	Msg_type	Msg_text
test.t1	histogram	status	Histogram statistics created for column 'b'.
test.t1	histogram	status	Histogram statistics created for column 'c'.
ANALYZE TABLE t1;
Table	Op	Msg_type	Msg_text
test.t1	analyze	status	OK
EXPLAIN ANALYZE SELECT 1 FROM t1 x1 WHERE EXISTS
(SELECT * FROM t1 x2 WHERE x1.b=x2.b AND x2.c<2);
EXPLAIN
-> Hash semijoin (x1.b = x2.b)  (rows=11.3) (actual rows=8 loops=1)
    -> Table scan on x1  (rows=16) (actual rows=16 loops=1)
    -> Hash
        -> Filter: (x2.c < 2)  (rows=8) (actual rows=8 loops=1)
            -> Table scan on x2  (rows=16) (actual rows=16 loops=1)

Warnings:
Note	1276	Field or reference 'test.x1.b' of SELECT #2 was resolved in SELECT #1
EXPLAIN ANALYZE SELECT 1 FROM t1 x1 WHERE NOT EXISTS
(SELECT * FROM t1 x2 WHERE x1.b=x2.b AND x2.c<2);
EXPLAIN
-> Hash antijoin (x1.b = x2.b)  (rows=4.69) (actual rows=8 loops=1)
    -> Table scan on x1  (rows=16) (actual rows=16 loops=1)
    -> Hash
        -> Filter: (x2.c < 2)  (rows=8) (actual rows=8 loops=1)
            -> Table scan on x2  (rows=16) (actual rows=16 loops=1)

Warnings:
Note	1276	Field or reference 'test.x1.b' of SELECT #2 was resolved in SELECT #1
DROP TABLE num16, t1;
#
# Bug#35000554: assertion error in EstimateAggregateNoRollupRows()
#
CREATE TABLE num10 (n INT);
INSERT INTO num10 VALUES (0),(1),(2),(3),(4),(5),(6),(7),(8),(9);
CREATE TABLE t1(a INT, b INT, c INT);
ANALYZE TABLE t1 UPDATE HISTOGRAM ON a, b, c;
Table	Op	Msg_type	Msg_text
test.t1	histogram	status	Histogram statistics created for column 'a'.
test.t1	histogram	status	Histogram statistics created for column 'b'.
test.t1	histogram	status	Histogram statistics created for column 'c'.
INSERT INTO t1 SELECT NULL, x1.n+x2.n*10, NULL FROM num10 x1, num10 x2;
INSERT INTO t1 VALUES (NULL, 0, 0);
ANALYZE TABLE t1;
Table	Op	Msg_type	Msg_text
test.t1	analyze	status	OK
EXPLAIN ANALYZE SELECT b FROM t1 GROUP BY b;
EXPLAIN
-> Group (no aggregates)  (rows=10) (actual rows=100 loops=1)
    -> Sort: t1.b  (rows=101) (actual rows=101 loops=1)
        -> Table scan on t1  (rows=101) (actual rows=101 loops=1)

EXPLAIN ANALYZE SELECT b FROM t1 WHERE b=c;
EXPLAIN
-> Filter: (t1.b = t1.c)  (rows=101) (actual rows=1 loops=1)
    -> Table scan on t1  (rows=101) (actual rows=101 loops=1)

ANALYZE TABLE t1 UPDATE HISTOGRAM ON a, b, c;
Table	Op	Msg_type	Msg_text
test.t1	histogram	status	Histogram statistics created for column 'a'.
test.t1	histogram	status	Histogram statistics created for column 'b'.
test.t1	histogram	status	Histogram statistics created for column 'c'.
EXPLAIN FORMAT=TREE SELECT a,b FROM t1 GROUP BY a,b;
EXPLAIN
-> Group (no aggregates)  (rows=63.7)
    -> Sort: t1.a, t1.b  (rows=101)
        -> Table scan on t1  (rows=101)

EXPLAIN ANALYZE SELECT b FROM t1 WHERE b=c;
EXPLAIN
-> Filter: (t1.b = t1.c)  (rows=1.01) (actual rows=1 loops=1)
    -> Table scan on t1  (rows=101) (actual rows=101 loops=1)

EXPLAIN ANALYZE SELECT c FROM t1 GROUP BY c;
EXPLAIN
-> Group (no aggregates)  (rows=2) (actual rows=2 loops=1)
    -> Sort: t1.c  (rows=101) (actual rows=101 loops=1)
        -> Table scan on t1  (rows=101) (actual rows=101 loops=1)

DROP TABLE num10, t1;
CREATE TABLE t2(a INT, b INT);
INSERT INTO t2 VALUES (0, 0), (0, 1), (1, 2), (NULL, 3), (NULL, 4), (NULL, 5);
ANALYZE TABLE t2 UPDATE HISTOGRAM ON a, b;
Table	Op	Msg_type	Msg_text
test.t2	histogram	status	Histogram statistics created for column 'a'.
test.t2	histogram	status	Histogram statistics created for column 'b'.
ANALYZE TABLE t2;
Table	Op	Msg_type	Msg_text
test.t2	analyze	status	OK
EXPLAIN ANALYZE SELECT 1 FROM t2 WHERE a=b;
EXPLAIN
-> Filter: (t2.a = t2.b)  (rows=1.5) (actual rows=1 loops=1)
    -> Table scan on t2  (rows=6) (actual rows=6 loops=1)

DROP TABLE t2;
#
# Bug#35129863 Hypergraph: Multi-field indexes ignored in some
# selectivity estimates
#
CREATE TABLE num10 (n INT PRIMARY KEY);
INSERT INTO num10 VALUES (0),(1),(2),(3),(4),(5),(6),(7),(8),(9);
CREATE TABLE t1(
a INT,
b INT,
c INT,
d INT,
e INT,
f INT,
g INT,
h INT,
v VARCHAR(5),
PRIMARY KEY(a,b,c),
KEY k1 (e,f,g),
UNIQUE KEY k2(h)
);
INSERT INTO t1
SELECT k%25, k%50, k, k, k%25, k%50, k, k, CAST( k%25 AS CHAR(5))
FROM (select x1.n*10+x2.n k from num10 x1, num10 x2) d1;
ANALYZE TABLE t1 UPDATE HISTOGRAM ON a, b,c,d,e,f,g,v;
Table	Op	Msg_type	Msg_text
test.t1	histogram	status	Histogram statistics created for column 'a'.
test.t1	histogram	status	Histogram statistics created for column 'b'.
test.t1	histogram	status	Histogram statistics created for column 'c'.
test.t1	histogram	status	Histogram statistics created for column 'd'.
test.t1	histogram	status	Histogram statistics created for column 'e'.
test.t1	histogram	status	Histogram statistics created for column 'f'.
test.t1	histogram	status	Histogram statistics created for column 'g'.
test.t1	histogram	status	Histogram statistics created for column 'v'.
ANALYZE TABLE t1;
Table	Op	Msg_type	Msg_text
test.t1	analyze	status	OK
EXPLAIN ANALYZE SELECT * FROM t1 x1, t1 x2 WHERE x1.a=x2.a AND x1.b=x2.b;
EXPLAIN
-> Inner hash join (x1.a = x2.a), (x1.b = x2.b)  (rows=200) (actual rows=200 loops=1)
    -> Table scan on x1  (rows=100) (actual rows=100 loops=1)
    -> Hash
        -> Table scan on x2  (rows=100) (actual rows=100 loops=1)

EXPLAIN ANALYZE SELECT * FROM t1 x1, t1 x2, t1 x3
WHERE x1.a=x2.a AND x1.b=x2.b AND x2.c=x3.c AND x2.d=x3.d;
EXPLAIN
-> Nested loop inner join  (rows=2) (actual rows=200 loops=1)
    -> Inner hash join (x2.c = x3.c), (x2.d = x3.d)  (rows=1) (actual rows=100 loops=1)
        -> Table scan on x3  (rows=100) (actual rows=100 loops=1)
        -> Hash
            -> Table scan on x2  (rows=100) (actual rows=100 loops=1)
    -> Index lookup on x1 using PRIMARY (a=x2.a, b=x2.b)  (rows=2) (actual rows=2 loops=100)

EXPLAIN ANALYZE SELECT * FROM t1 x1, t1 x2 WHERE x1.e=x2.e AND x1.f=x2.f;
EXPLAIN
-> Inner hash join (x1.e = x2.e), (x1.f = x2.f)  (rows=200) (actual rows=200 loops=1)
    -> Table scan on x1  (rows=100) (actual rows=100 loops=1)
    -> Hash
        -> Table scan on x2  (rows=100) (actual rows=100 loops=1)

EXPLAIN ANALYZE SELECT * FROM t1 x1, t1 x2 WHERE x1.e=x2.e AND x1.f=x2.f AND x1.g=x2.g;
EXPLAIN
-> Nested loop inner join  (rows=100) (actual rows=100 loops=1)
    -> Table scan on x2  (rows=100) (actual rows=100 loops=1)
    -> Index lookup on x1 using k1 (e=x2.e, f=x2.f, g=x2.g)  (rows=1) (actual rows=1 loops=100)

EXPLAIN ANALYZE SELECT * FROM t1 x1, t1 x2 WHERE x1.a=x2.a AND x1.e=x2.e;
EXPLAIN
-> Inner hash join (x1.a = x2.a), (x1.e = x2.e)  (rows=16) (actual rows=400 loops=1)
    -> Table scan on x1  (rows=100) (actual rows=100 loops=1)
    -> Hash
        -> Table scan on x2  (rows=100) (actual rows=100 loops=1)

EXPLAIN ANALYZE SELECT * FROM t1 x1, t1 x2 WHERE x1.a=x2.a AND x1.b=x2.b
AND x1.e=x2.e AND x1.f=x2.f;
EXPLAIN
-> Inner hash join (x1.a = x2.a), (x1.b = x2.b), (x1.e = x2.e), (x1.f = x2.f)  (rows=4) (actual rows=200 loops=1)
    -> Table scan on x1  (rows=100) (actual rows=100 loops=1)
    -> Hash
        -> Table scan on x2  (rows=100) (actual rows=100 loops=1)

EXPLAIN ANALYZE SELECT * FROM t1 x1, t1 x2, t1 x3 WHERE x1.a=x2.a AND x2.b=x3.b;
EXPLAIN
-> Nested loop inner join  (rows=800) (actual rows=800 loops=1)
    -> Inner hash join (x2.b = x3.b)  (rows=200) (actual rows=200 loops=1)
        -> Table scan on x3  (rows=100) (actual rows=100 loops=1)
        -> Hash
            -> Table scan on x2  (rows=100) (actual rows=100 loops=1)
    -> Index lookup on x1 using PRIMARY (a=x2.a)  (rows=4) (actual rows=4 loops=200)

EXPLAIN ANALYZE SELECT * FROM t1 x1, t1 x2 WHERE x1.a=x2.a AND x1.b=8;
EXPLAIN
-> Nested loop inner join  (rows=8) (actual rows=8 loops=1)
    -> Filter: (x1.b = 8)  (rows=2) (actual rows=2 loops=1)
        -> Table scan on x1  (rows=100) (actual rows=100 loops=1)
    -> Index lookup on x2 using PRIMARY (a=x1.a)  (rows=4) (actual rows=4 loops=2)

EXPLAIN ANALYZE SELECT * FROM t1 x1, t1 x2 WHERE x1.a=x2.a AND x1.b=x2.b
AND x1.c=8;
EXPLAIN
-> Nested loop inner join  (rows=2) (actual rows=2 loops=1)
    -> Filter: (x1.c = 8)  (rows=1) (actual rows=1 loops=1)
        -> Table scan on x1  (rows=100) (actual rows=100 loops=1)
    -> Index lookup on x2 using PRIMARY (a=x1.a, b=x1.b)  (rows=2) (actual rows=2 loops=1)

EXPLAIN ANALYZE SELECT * FROM t1 x1, t1 x2 WHERE x1.a=x2.a AND x1.b=7
AND x1.c=8;
EXPLAIN
-> Nested loop inner join  (rows=0.08) (actual rows=0 loops=1)
    -> Filter: ((x1.c = 8) and (x1.b = 7))  (rows=0.02) (actual rows=0 loops=1)
        -> Table scan on x1  (rows=100) (actual rows=100 loops=1)
    -> Index lookup on x2 using PRIMARY (a=x1.a)  (rows=4) (never executed)

EXPLAIN ANALYZE SELECT * FROM t1 x1, t1 x2 WHERE x1.a=x2.a AND x1.b=x2.b
AND x1.c=x2.c;
EXPLAIN
-> Nested loop inner join  (rows=100) (actual rows=100 loops=1)
    -> Table scan on x2  (rows=100) (actual rows=100 loops=1)
    -> Single-row index lookup on x1 using PRIMARY (a=x2.a, b=x2.b, c=x2.c)  (rows=1) (actual rows=1 loops=100)

EXPLAIN ANALYZE SELECT * FROM t1 WHERE a=b;
EXPLAIN
-> Filter: (t1.a = t1.b)  (rows=4) (actual rows=50 loops=1)
    -> Table scan on t1  (rows=100) (actual rows=100 loops=1)

EXPLAIN ANALYZE SELECT * FROM t1 WHERE a=b AND c=d;
EXPLAIN
-> Filter: ((t1.c = t1.d) and (t1.a = t1.b))  (rows=0.04) (actual rows=50 loops=1)
    -> Table scan on t1  (rows=100) (actual rows=100 loops=1)

EXPLAIN ANALYZE FORMAT=TREE SELECT * FROM t1 x1, t1 x2, t1 x3
WHERE x1.a=x2.a AND x2.b=x3.b AND x3.c=x1.c;
EXPLAIN
-> Nested loop inner join  (rows=8) (actual rows=200 loops=1)
    -> Inner hash join (x3.c = x1.c)  (rows=100) (actual rows=100 loops=1)
        -> Table scan on x3  (rows=100) (actual rows=100 loops=1)
        -> Hash
            -> Table scan on x1  (rows=100) (actual rows=100 loops=1)
    -> Index lookup on x2 using PRIMARY (a=x1.a, b=x3.b)  (rows=0.08) (actual rows=2 loops=100)

EXPLAIN ANALYZE SELECT * FROM t1 JOIN num10 ON h=n;
EXPLAIN
-> Nested loop inner join  (rows=10) (actual rows=10 loops=1)
    -> Table scan on num10  (rows=10) (actual rows=10 loops=1)
    -> Single-row index lookup on t1 using k2 (h=num10.n)  (rows=1) (actual rows=1 loops=10)

EXPLAIN ANALYZE SELECT * FROM t1 x1, t1 x2, t1 x3 WHERE
x1.a=x2.a AND x1.b=x2.b AND x1.b=x3.h;
EXPLAIN
-> Nested loop inner join  (rows=4) (actual rows=200 loops=1)
    -> Inner hash join (x1.a = x2.a), (x1.b = x2.b)  (rows=4) (actual rows=200 loops=1)
        -> Table scan on x1  (rows=100) (actual rows=100 loops=1)
        -> Hash
            -> Table scan on x2  (rows=100) (actual rows=100 loops=1)
    -> Single-row index lookup on x3 using k2 (h=x1.b)  (rows=1) (actual rows=1 loops=200)

EXPLAIN ANALYZE SELECT * FROM t1 x1, t1 x2, t1 x3
WHERE x1.a=x2.c AND x1.b=x2.b AND x2.b=x3.b;
EXPLAIN
-> Inner hash join (x1.b = x3.b)  (rows=10000) (actual rows=100 loops=1)
    -> Inner hash join (x1.a = x2.c), (x1.b = x2.b)  (rows=200) (actual rows=50 loops=1)
        -> Table scan on x1  (rows=100) (actual rows=100 loops=1)
        -> Hash
            -> Table scan on x2  (rows=100) (actual rows=100 loops=1)
    -> Hash
        -> Table scan on x3  (rows=100) (actual rows=100 loops=1)

EXPLAIN ANALYZE SELECT * FROM t1 x1 LEFT JOIN
(t1 x2 JOIN t1 x3 ON x2.a=x3.a AND x2.b=x3.b) ON x3.b=x1.d;
EXPLAIN
-> Left hash join (x1.d = x2.b)  (rows=400) (actual rows=250 loops=1)
    -> Table scan on x1  (rows=100) (actual rows=100 loops=1)
    -> Hash
        -> Inner hash join (x2.b = x3.b), (x2.a = x3.a)  (rows=200) (actual rows=200 loops=1)
            -> Table scan on x2  (rows=100) (actual rows=100 loops=1)
            -> Hash
                -> Table scan on x3  (rows=100) (actual rows=100 loops=1)

EXPLAIN ANALYZE SELECT 1 FROM  t1 x1
WHERE 3 IN (SELECT x2.b FROM t1 x2 LEFT JOIN t1 x3 ON x2.c=x3.a AND x2.d=x3.b);
EXPLAIN
-> Nested loop inner join  (rows=100) (actual rows=100 loops=1)
    -> Limit: 1 row(s)  (rows=1) (actual rows=1 loops=1)
        -> Nested loop left join  (rows=4) (actual rows=1 loops=1)
            -> Filter: (x2.b = 3)  (rows=2) (actual rows=1 loops=1)
                -> Table scan on x2  (rows=100) (actual rows=13 loops=1)
            -> Covering index lookup on x3 using PRIMARY (a=x2.c, b=x2.d)  (rows=2) (actual rows=1 loops=1)
    -> Table scan on x1  (rows=100) (actual rows=100 loops=1)

EXPLAIN ANALYZE SELECT 1 FROM t1 x1 JOIN t1 x2 ON x1.a=x2.v AND x1.b=x2.b;
EXPLAIN
-> Inner hash join (cast(x1.a as double) = cast(x2.v as double)), (x1.b = x2.b)  (rows=200) (actual rows=200 loops=1)
    -> Table scan on x1  (rows=100) (actual rows=100 loops=1)
    -> Hash
        -> Table scan on x2  (rows=100) (actual rows=100 loops=1)

EXPLAIN ANALYZE SELECT 1 FROM t1 x1, t1 x2, t1 x3
WHERE x1.a=x2.c AND x2.c=x3.v AND x1.b=x3.f;
EXPLAIN
-> Inner hash join (x1.a = x2.c)  (rows=800) (actual rows=200 loops=1)
    -> Inner hash join (cast(x1.a as double) = cast(x3.v as double)), (x1.b = x3.f)  (rows=200) (actual rows=200 loops=1)
        -> Table scan on x1  (rows=100) (actual rows=100 loops=1)
        -> Hash
            -> Table scan on x3  (rows=100) (actual rows=100 loops=1)
    -> Hash
        -> Table scan on x2  (rows=100) (actual rows=100 loops=1)

CREATE TABLE t2(x INT, y INT, z INT, KEY (x, y), KEY(y, x));
INSERT INTO t2(x, y) VALUES (1, 1), (2, 2), (3, 3), (4, 4);
CREATE TABLE t3 AS SELECT * FROM t2;
EXPLAIN ANALYZE SELECT 1 FROM t2 JOIN t3 USING (x, y);
EXPLAIN
-> Nested loop inner join  (rows=4) (actual rows=4 loops=1)
    -> Table scan on t3  (rows=4) (actual rows=4 loops=1)
    -> Covering index lookup on t2 using x (x=t3.x, y=t3.y)  (rows=1) (actual rows=1 loops=4)

ANALYZE TABLE t2,t3;
Table	Op	Msg_type	Msg_text
test.t2	analyze	status	OK
test.t3	analyze	status	OK
DROP TABLE t1, t2, t3, num10;
