DROP TABLE IF EXISTS local_1_1;
CREATE  TABLE IF NOT EXISTS local_1_1 ( f1 VARCHAR ( 32 ) NOT NULL  , f2 VARCHAR ( 128 ) NOT NULL DEFAULT 'cboepfaobilcchabvglgjdbynog' , f3 VARCHAR ( 32 ) NOT NULL  , f4 VARBINARY ( 32 ) NOT NULL  , f5 VARBINARY ( 1024 )  DEFAULT 'ycboepfao' , KEY ( f1 /* ( 2 ) */ , f2 /* ( 2 ) */ ) ) ENGINE=HEAP KEY_BLOCK_SIZE = 512;
INSERT IGNORE INTO local_1_1 VALUES ( REPEAT( 'ervydbimvmbqmsowdbsa' , 1 ) , 'v' , NULL , NULL , REPEAT( 'mervydbimvmbqms' , 5 ) ) , ( 'p' , 6 , 'n' , REPEAT( 'imervydbimvmbqmsowdbs' , 4 ) , 'do' ) , ( NULL , NULL , REPEAT( 'himervydbimvmbqmsowdbsaybudvwaamvhempuublmia' , 6 ) , REPEAT('X', POW(2, 20) * 2) , REPEAT('X', POW(2, 20) * 2) ) , ( REPEAT('X', POW(2, 20) * 2) , REPEAT( 'Y' , 763 ) , NULL , REPEAT('X', POW(2, 20) * 2) , NULL ) , ( REPEAT('X', POW(2, 20) * 2) , 'time' , 'how' , 2 , REPEAT( 'Y' , 107 ) ) , ( REPEAT( 'hyshimervydbimvmbqmsowdbsaybud' , 5 ) , 2 , 8 , NULL , REPEAT('X', POW(2, 20) * 2) ) , ( 'come' , NULL , 'i' , NULL , REPEAT('X', POW(2, 20) * 2) );
Warnings:
Warning	1048	Column 'f3' cannot be null
Warning	1048	Column 'f4' cannot be null
Warning	1265	Data truncated for column 'f4' at row 2
Warning	1048	Column 'f1' cannot be null
Warning	1048	Column 'f2' cannot be null
Warning	1265	Data truncated for column 'f3' at row 3
Warning	1265	Data truncated for column 'f4' at row 3
Warning	1265	Data truncated for column 'f5' at row 3
Warning	1265	Data truncated for column 'f1' at row 4
Warning	1265	Data truncated for column 'f2' at row 4
Warning	1048	Column 'f3' cannot be null
Warning	1265	Data truncated for column 'f4' at row 4
Warning	1265	Data truncated for column 'f1' at row 5
Warning	1265	Data truncated for column 'f1' at row 6
Warning	1048	Column 'f4' cannot be null
Warning	1265	Data truncated for column 'f5' at row 6
Warning	1048	Column 'f2' cannot be null
Warning	1048	Column 'f4' cannot be null
Warning	1265	Data truncated for column 'f5' at row 7
INSERT IGNORE INTO local_1_1 VALUES ( 'ok' , NULL , REPEAT( 'Y' , 651 ) , 2 , 5 ) , ( REPEAT( 'zylcdzkfrqpihyshimervydbimvmbqmsowdbsaybu' , 3 ) , REPEAT( 'Y' , 282 ) , REPEAT( 'X' , 0 ) , REPEAT( 'Y' , 369 ) , 'g' ) , ( 'think' , REPEAT('X', POW(2, 20) * 2), NULL , NULL , REPEAT('X', POW(2, 20) * 2) ) , ( REPEAT( 'Y' , 468 ) , REPEAT( 'dfvbrzylcd' , 6 ) , REPEAT( 'Y' , 264 ) , NULL , 'c' ) , ( NULL , NULL , REPEAT( 'srdfvbrzylcdzkfrqpihyshimervydbimvmbqms' , 0 ) , REPEAT( 'Y' , 244 ) , 7 ) , ( REPEAT( 'Y' , 0 ) , 'how' , 'going' , 'q' , NULL );
Warnings:
Warning	1048	Column 'f2' cannot be null
Warning	1265	Data truncated for column 'f3' at row 1
Warning	1265	Data truncated for column 'f1' at row 2
Warning	1265	Data truncated for column 'f2' at row 2
Warning	1265	Data truncated for column 'f4' at row 2
Warning	1265	Data truncated for column 'f2' at row 3
Warning	1048	Column 'f3' cannot be null
Warning	1048	Column 'f4' cannot be null
Warning	1265	Data truncated for column 'f5' at row 3
Warning	1265	Data truncated for column 'f1' at row 4
Warning	1265	Data truncated for column 'f3' at row 4
Warning	1048	Column 'f4' cannot be null
Warning	1048	Column 'f1' cannot be null
Warning	1048	Column 'f2' cannot be null
Warning	1265	Data truncated for column 'f4' at row 5
INSERT IGNORE INTO local_1_1 VALUES ( REPEAT('X', POW(2, 20) * 2) , NULL , NULL , NULL , REPEAT('X', POW(2, 20) * 2) ) , ( REPEAT('X', POW(2, 20) * 2) , NULL , REPEAT('X', POW(2, 20) * 2) , 'this' , 'e' ) , ( NULL , 'think' , NULL , 'were' , NULL ) , ( 9 , 'l' , 'c' , 3 , REPEAT( 'geysrdfvbrzylcdzkfrqpihyshimervydbi' , 5 ) ) , ( NULL , NULL , NULL , 'h' , 'w' );
Warnings:
Warning	1265	Data truncated for column 'f1' at row 1
Warning	1048	Column 'f2' cannot be null
Warning	1048	Column 'f3' cannot be null
Warning	1048	Column 'f4' cannot be null
Warning	1265	Data truncated for column 'f5' at row 1
Warning	1265	Data truncated for column 'f1' at row 2
Warning	1048	Column 'f2' cannot be null
Warning	1265	Data truncated for column 'f3' at row 2
Warning	1048	Column 'f1' cannot be null
Warning	1048	Column 'f3' cannot be null
Warning	1048	Column 'f1' cannot be null
Warning	1048	Column 'f2' cannot be null
Warning	1048	Column 'f3' cannot be null
INSERT IGNORE INTO local_1_1 SELECT * FROM local_1_1;
INSERT IGNORE INTO local_1_1 SELECT * FROM local_1_1;
UPDATE local_1_1 SET f5 = REPEAT ('X', 215566);
Warnings:
Warning	1265	Data truncated for column 'f5' at row 1
Warning	1265	Data truncated for column 'f5' at row 2
Warning	1265	Data truncated for column 'f5' at row 3
Warning	1265	Data truncated for column 'f5' at row 4
Warning	1265	Data truncated for column 'f5' at row 5
Warning	1265	Data truncated for column 'f5' at row 6
Warning	1265	Data truncated for column 'f5' at row 7
Warning	1265	Data truncated for column 'f5' at row 8
Warning	1265	Data truncated for column 'f5' at row 9
Warning	1265	Data truncated for column 'f5' at row 10
Warning	1265	Data truncated for column 'f5' at row 11
Warning	1265	Data truncated for column 'f5' at row 12
Warning	1265	Data truncated for column 'f5' at row 13
Warning	1265	Data truncated for column 'f5' at row 14
Warning	1265	Data truncated for column 'f5' at row 15
Warning	1265	Data truncated for column 'f5' at row 16
Warning	1265	Data truncated for column 'f5' at row 17
Warning	1265	Data truncated for column 'f5' at row 18
Warning	1265	Data truncated for column 'f5' at row 19
Warning	1265	Data truncated for column 'f5' at row 20
Warning	1265	Data truncated for column 'f5' at row 21
Warning	1265	Data truncated for column 'f5' at row 22
Warning	1265	Data truncated for column 'f5' at row 23
Warning	1265	Data truncated for column 'f5' at row 24
Warning	1265	Data truncated for column 'f5' at row 25
Warning	1265	Data truncated for column 'f5' at row 26
Warning	1265	Data truncated for column 'f5' at row 27
Warning	1265	Data truncated for column 'f5' at row 28
Warning	1265	Data truncated for column 'f5' at row 29
Warning	1265	Data truncated for column 'f5' at row 30
Warning	1265	Data truncated for column 'f5' at row 31
Warning	1265	Data truncated for column 'f5' at row 32
Warning	1265	Data truncated for column 'f5' at row 33
Warning	1265	Data truncated for column 'f5' at row 34
Warning	1265	Data truncated for column 'f5' at row 35
Warning	1265	Data truncated for column 'f5' at row 36
Warning	1265	Data truncated for column 'f5' at row 37
Warning	1265	Data truncated for column 'f5' at row 38
Warning	1265	Data truncated for column 'f5' at row 39
Warning	1265	Data truncated for column 'f5' at row 40
Warning	1265	Data truncated for column 'f5' at row 41
Warning	1265	Data truncated for column 'f5' at row 42
Warning	1265	Data truncated for column 'f5' at row 43
Warning	1265	Data truncated for column 'f5' at row 44
Warning	1265	Data truncated for column 'f5' at row 45
Warning	1265	Data truncated for column 'f5' at row 46
Warning	1265	Data truncated for column 'f5' at row 47
Warning	1265	Data truncated for column 'f5' at row 48
Warning	1265	Data truncated for column 'f5' at row 49
Warning	1265	Data truncated for column 'f5' at row 50
Warning	1265	Data truncated for column 'f5' at row 51
Warning	1265	Data truncated for column 'f5' at row 52
Warning	1265	Data truncated for column 'f5' at row 53
Warning	1265	Data truncated for column 'f5' at row 54
Warning	1265	Data truncated for column 'f5' at row 55
Warning	1265	Data truncated for column 'f5' at row 56
Warning	1265	Data truncated for column 'f5' at row 57
Warning	1265	Data truncated for column 'f5' at row 58
Warning	1265	Data truncated for column 'f5' at row 59
Warning	1265	Data truncated for column 'f5' at row 60
Warning	1265	Data truncated for column 'f5' at row 61
Warning	1265	Data truncated for column 'f5' at row 62
Warning	1265	Data truncated for column 'f5' at row 63
Warning	1265	Data truncated for column 'f5' at row 64
DROP TABLE local_1_1;
