include/assert.inc [Temporary file encryption must be enabled]
CREATE TABLE t1(a INT) ENGINE=MyISAM;
INSERT INTO t1 VALUES (0);
INSERT INTO t1 SELECT 1 + a FROM t1 ORDER BY a;
INSERT INTO t1 SELECT 2 + a FROM t1 ORDER BY a;
INSERT INTO t1 SELECT 4 + a FROM t1 ORDER BY a;
INSERT INTO t1 SELECT 8 + a FROM t1 ORDER BY a;
INSERT INTO t1 SELECT 16 + a FROM t1 ORDER BY a;
INSERT INTO t1 SELECT 32 + a FROM t1 ORDER BY a;
INSERT INTO t1 SELECT 64 + a FROM t1 ORDER BY a;
INSERT INTO t1 SELECT 128 + a FROM t1 ORDER BY a;
INSERT INTO t1 SELECT 256 + a FROM t1 ORDER BY a;
INSERT INTO t1 SELECT 512 + a FROM t1 ORDER BY a;
INSERT INTO t1 SELECT 1024 + a FROM t1 ORDER BY a;
INSERT INTO t1 SELECT 2048 + a FROM t1 ORDER BY a;
INSERT INTO t1 SELECT 4096 + a FROM t1 ORDER BY a;
INSERT INTO t1 SELECT 8192 + a FROM t1 ORDER BY a;
INSERT INTO t1 SELECT 16384 + a FROM t1 ORDER BY a;
INSERT INTO t1 SELECT 32768 + a FROM t1 ORDER BY a;
INSERT INTO t1 SELECT 65536 + a FROM t1 ORDER BY a;
INSERT INTO t1 SELECT 131072 + a FROM t1 ORDER BY a;
INSERT INTO t1 SELECT 262144 + a FROM t1 ORDER BY a;
INSERT INTO t1 SELECT 524288 + a FROM t1 ORDER BY a;
DELETE FROM t1 WHERE a % 2 = 1;
include/assert.inc [Number of records must be reduced by a half]
OPTIMIZE TABLE t1;
Table	Op	Msg_type	Msg_text
test.t1	optimize	status	OK
include/assert.inc [Table checksum after OPTIMIZE TABLE must not change]
CHECK TABLE t1;
Table	Op	Msg_type	Msg_text
test.t1	check	status	OK
include/assert.inc [Table checksum after CHECK TABLE must not change]
DROP TABLE t1;
CREATE TABLE universal_seq (seq INT) ENGINE=InnoDB;
INSERT INTO universal_seq VALUES
(0),  (1),  (2),  (3),  (4),  (5),  (6),  (7),  (8),  (9),
(10), (11), (12), (13), (14), (15), (16), (17), (18), (19),
(20), (21), (22), (23), (24), (25), (26), (27), (28), (29),
(30), (31), (32), (33), (34), (35), (36), (37), (38), (39),
(40);
CREATE TABLE seq_0_to_26  (seq INT) ENGINE=InnoDB;
INSERT INTO  seq_0_to_26  SELECT seq FROM universal_seq WHERE seq <= 26 ORDER BY seq;
CREATE TABLE seq_0_to_9   (seq INT) ENGINE=InnoDB;
INSERT INTO  seq_0_to_9   SELECT seq FROM universal_seq WHERE seq <=  9 ORDER BY seq;
CREATE TABLE t1(v VARCHAR(10), c CHAR(10), t TEXT, KEY(v), KEY(c), KEY(t(10))) CHARACTER SET=latin1;
INSERT INTO t1(v) SELECT CONCAT(CHAR(ASCII('a') + s2.seq), REPEAT(' ', s1.seq))
FROM seq_0_to_9 AS s1, seq_0_to_26 AS s2;
UPDATE t1 SET c = v, t = v;
SELECT sql_big_result t, COUNT(t) FROM t1 GROUP BY t LIMIT 10;
t	COUNT(t)
a         	10
b         	10
c         	10
d         	10
e         	10
f         	10
g         	10
h         	10
i         	10
j         	10
DROP TABLE t1;
DROP TABLE seq_0_to_9;
DROP TABLE seq_0_to_26;
DROP TABLE universal_seq;
#
# [PS8QA] handle_fatal_signal (sig=11) in my_strnncollsp_simple | ctype-simple.cc:190
#
SET SESSION tmp_table_size=1024;
CREATE TABLE t1(a TEXT,b TEXT);
INSERT INTO t1 VALUES(7553,'7553');
INSERT INTO t1 VALUES(662,'aaaaaaaaaaaaaaaaaaaa');
INSERT INTO t1 VALUES(1,10),(2,20);
REPLACE INTO t1 VALUES(@id,"REPLACE,deleting the duplicate");
INSERT INTO t1 VALUES(2,"ccccc");
INSERT INTO t1 VALUES(1,1),(2,2),(3,3),(4,4);
INSERT INTO t1 VALUES("abcd", -3);
INSERT INTO t1 SET b=REPEAT('a',600);
INSERT INTO t1 VALUES(1,"aaa"),(2,"bbb"),(3,"ccc");
INSERT INTO t1 values("john","doe"),("John","Doe");
INSERT INTO t1 VALUES(1,0),(1,1);
INSERT INTO t1 VALUES(4811,'4811');
INSERT INTO t1 VALUES(3,'2001-01-01 10:11:02');
INSERT INTO t1 VALUES('a','a'),('b','b'),('c','c'),('aa','aa'),('bb','bb'),('cc','cc');
INSERT INTO t1 VALUES(8799,'8799');
INSERT INTO t1 VALUES(7436,'7436');
SELECT GROUP_CONCAT(DISTINCT UCASE(b)) FROM t1;
GROUP_CONCAT(DISTINCT UCASE(b))
-3,0,1,10,2,20,2001-01-01 10:11:02,3,4,4811,7436,7553,8799,A,AA,AAA,AAAAAAAAAAAAAAAAAAAA,AAAAAAAAAAAAAAAAAAAAAAAAAAAAAAAAAAAAAAAAAAAAAAAAAAAAAAAAAAAAAAAAAAAAAAAAAAAAAAAAAAAAAAAAAAAAAAAAAAAAAAAAAAAAAAAAAAAAAAAAAAAAAAAAAAAAAAAAAAAAAAAAAAAAAAAAAAAAAAAAAAAAAAAAAAAAAAAAAAAAAAAAAAAAAAAAAAAAAAAAAAAAAAAAAAAAAAAAAAAAAAAAAAAAAAAAAAAAAAAAAAAAAAAAAAAAAAAAAAAAAAAAAAAAAAAAAAAAAAAAAAAAAAAAAAAAAAAAAAAAAAAAAAAAAAAAAAAAAAAAAAAAAAAAAAAAAAAAAAAAAAAAAAAAAAAAAAAAAAAAAAAAAAAAAAAAAAAAAAAAAAAAAAAAAAAAAAAAAAAAAAAAAAAAAAAAAAAAAAAAAAAAAAAAAAAAAAAAAAAAAAAAAAAAAAAAAAAAAAAAAAAAAAAAAAAAAAAAAAAAAAAAAAAAAAAAAAAAAAAAAAAAAAAAAAAAAAAAAAAAAAAAAAAAAAAAAAAAAAAAAAAAAAAAAAAAAAAAAAAAAAAAAAAAAAAAAAAAAAAAAAAAAAAAAAAAAAAAAAAA,B,BB,BBB,C,CC,CCC,CCCCC,DOE,REPLACE,DELETING THE DUPLICATE
SET SESSION tmp_table_size = default;
DROP TABLE t1;
#
# End of 5.7 testcases
#
