set @save.rocksdb_pause_background_work = @@global.rocksdb_pause_background_work;
set global rocksdb_pause_background_work = on;
connect  con1,localhost,root,,;
connect  con2,localhost,root,,;
connection con2;
select VALUE into @begin_num_snapshots from information_schema.rocksdb_dbstats
where stat_type='DB_NUM_SNAPSHOTS';
connection con1;
CREATE TABLE t1 (a INT, pk INT AUTO_INCREMENT PRIMARY KEY) ENGINE=ROCKSDB;
SET SESSION TRANSACTION ISOLATION LEVEL REPEATABLE READ;
START TRANSACTION WITH CONSISTENT SNAPSHOT;
connection con2;
select VALUE into @num_snapshots_before from information_schema.rocksdb_dbstats
where stat_type='DB_NUM_SNAPSHOTS';
select @num_snapshots_before - @begin_num_snapshots;
@num_snapshots_before - @begin_num_snapshots
1
connection con1;
COMMIT;
connection con2;
select VALUE into @num_snapshots_after from information_schema.rocksdb_dbstats
where stat_type='DB_NUM_SNAPSHOTS';
select @num_snapshots_after - @begin_num_snapshots;
@num_snapshots_after - @begin_num_snapshots
0
connection con1;
START TRANSACTION WITH CONSISTENT SNAPSHOT;
connection con2;
INSERT INTO t1 (a) VALUES (1);
connection con1;
# If consistent read works on this isolation level (REPEATABLE READ), the following SELECT should not return the value we inserted (1)
SELECT a FROM t1;
a
COMMIT;
connection default;
disconnect con1;
disconnect con2;
DROP TABLE t1;
connect  con1,localhost,root,,;
connect  con2,localhost,root,,;
connection con1;
CREATE TABLE r1 (id int primary key, value int, value2 int) engine=ROCKSDB;
SET SESSION TRANSACTION ISOLATION LEVEL REPEATABLE READ;
insert into r1 values (1,1,1),(2,2,2),(3,3,3),(4,4,4);
BEGIN;
connection con2;
INSERT INTO r1 values (5,5,5);
connection con1;
SELECT * FROM r1;
id	value	value2
1	1	1
2	2	2
3	3	3
4	4	4
5	5	5
connection con2;
INSERT INTO r1 values (6,6,6);
connection con1;
SELECT * FROM r1;
id	value	value2
1	1	1
2	2	2
3	3	3
4	4	4
5	5	5
COMMIT;
SELECT * FROM r1;
id	value	value2
1	1	1
2	2	2
3	3	3
4	4	4
5	5	5
6	6	6
START TRANSACTION WITH CONSISTENT SNAPSHOT;
connection con2;
INSERT INTO r1 values (7,7,7);
connection con1;
SELECT * FROM r1;
id	value	value2
1	1	1
2	2	2
3	3	3
4	4	4
5	5	5
6	6	6
connection con2;
INSERT INTO r1 values (8,8,8);
connection con1;
SELECT * FROM r1;
id	value	value2
1	1	1
2	2	2
3	3	3
4	4	4
5	5	5
6	6	6
COMMIT;
SELECT * FROM r1;
id	value	value2
1	1	1
2	2	2
3	3	3
4	4	4
5	5	5
6	6	6
7	7	7
8	8	8
START TRANSACTION WITH CONSISTENT SNAPSHOT;
connection con2;
INSERT INTO r1 values (9,9,9);
connection con1;
START TRANSACTION WITH CONSISTENT SNAPSHOT;
connection con2;
INSERT INTO r1 values (10,10,10);
connection con1;
SELECT * FROM r1;
id	value	value2
1	1	1
2	2	2
3	3	3
4	4	4
5	5	5
6	6	6
7	7	7
8	8	8
9	9	9
START TRANSACTION WITH CONSISTENT SNAPSHOT;
INSERT INTO r1 values (11,11,11);
ERROR HY000: Can't execute updates when you started a transaction with START TRANSACTION WITH CONSISTENT [ROCKSDB] SNAPSHOT.
SELECT * FROM r1;
id	value	value2
1	1	1
2	2	2
3	3	3
4	4	4
5	5	5
6	6	6
7	7	7
8	8	8
9	9	9
10	10	10
drop table r1;
connection default;
disconnect con1;
disconnect con2;
set global rocksdb_pause_background_work = @save.rocksdb_pause_background_work;
