CREATE TABLE t1 (pk BIGINT NOT NULL PRIMARY KEY AUTO_INCREMENT) ENGINE=ROCKSDB;
INSERT INTO t1 VALUES (5);
SHOW TABLE STATUS LIKE 't1';
Name	Engine	Version	Row_format	Rows	Avg_row_length	Data_length	Max_data_length	Index_length	Data_free	Auto_increment	Create_time	Update_time	Check_time	Collation	Checksum	Create_options	Comment
t1	ROCKSDB	#	Fixed	#	#	#	#	#	#	6	#	#	#	utf8mb4_0900_ai_ci	NULL		
INSERT INTO t1 VALUES ();
SELECT * FROM t1;
pk
5
6
SHOW TABLE STATUS LIKE 't1';
Name	Engine	Version	Row_format	Rows	Avg_row_length	Data_length	Max_data_length	Index_length	Data_free	Auto_increment	Create_time	Update_time	Check_time	Collation	Checksum	Create_options	Comment
t1	ROCKSDB	#	Fixed	#	#	#	#	#	#	7	#	#	#	utf8mb4_0900_ai_ci	NULL		
INSERT INTO t1 VALUES ();
SELECT * FROM t1;
pk
5
6
7
SHOW TABLE STATUS LIKE 't1';
Name	Engine	Version	Row_format	Rows	Avg_row_length	Data_length	Max_data_length	Index_length	Data_free	Auto_increment	Create_time	Update_time	Check_time	Collation	Checksum	Create_options	Comment
t1	ROCKSDB	#	Fixed	#	#	#	#	#	#	8	#	#	#	utf8mb4_0900_ai_ci	NULL		
INSERT INTO t1 VALUES (10);
SELECT * FROM t1;
pk
5
6
7
10
SHOW TABLE STATUS LIKE 't1';
Name	Engine	Version	Row_format	Rows	Avg_row_length	Data_length	Max_data_length	Index_length	Data_free	Auto_increment	Create_time	Update_time	Check_time	Collation	Checksum	Create_options	Comment
t1	ROCKSDB	#	Fixed	#	#	#	#	#	#	11	#	#	#	utf8mb4_0900_ai_ci	NULL		
INSERT INTO t1 VALUES ();
SELECT * FROM t1;
pk
5
6
7
10
11
SHOW TABLE STATUS LIKE 't1';
Name	Engine	Version	Row_format	Rows	Avg_row_length	Data_length	Max_data_length	Index_length	Data_free	Auto_increment	Create_time	Update_time	Check_time	Collation	Checksum	Create_options	Comment
t1	ROCKSDB	#	Fixed	#	#	#	#	#	#	12	#	#	#	utf8mb4_0900_ai_ci	NULL		
DROP TABLE t1;
CREATE TABLE t1 (pk TINYINT NOT NULL PRIMARY KEY AUTO_INCREMENT) ENGINE=ROCKSDB;
INSERT INTO t1 VALUES (5);
SHOW TABLE STATUS LIKE 't1';
Name	Engine	Version	Row_format	Rows	Avg_row_length	Data_length	Max_data_length	Index_length	Data_free	Auto_increment	Create_time	Update_time	Check_time	Collation	Checksum	Create_options	Comment
t1	ROCKSDB	#	Fixed	#	#	#	#	#	#	6	#	#	#	utf8mb4_0900_ai_ci	NULL		
INSERT INTO t1 VALUES (127);
SELECT * FROM t1;
pk
5
127
SHOW TABLE STATUS LIKE 't1';
Name	Engine	Version	Row_format	Rows	Avg_row_length	Data_length	Max_data_length	Index_length	Data_free	Auto_increment	Create_time	Update_time	Check_time	Collation	Checksum	Create_options	Comment
t1	ROCKSDB	#	Fixed	#	#	#	#	#	#	127	#	#	#	utf8mb4_0900_ai_ci	NULL		
INSERT INTO t1 VALUES ();
ERROR 23000: Duplicate entry '127' for key 't1.PRIMARY'
SELECT * FROM t1;
pk
5
127
SHOW TABLE STATUS LIKE 't1';
Name	Engine	Version	Row_format	Rows	Avg_row_length	Data_length	Max_data_length	Index_length	Data_free	Auto_increment	Create_time	Update_time	Check_time	Collation	Checksum	Create_options	Comment
t1	ROCKSDB	#	Fixed	#	#	#	#	#	#	127	#	#	#	utf8mb4_0900_ai_ci	NULL		
INSERT INTO t1 VALUES(6);
SELECT * FROM t1 ORDER BY pk;
pk
5
6
127
SHOW TABLE STATUS LIKE 't1';
Name	Engine	Version	Row_format	Rows	Avg_row_length	Data_length	Max_data_length	Index_length	Data_free	Auto_increment	Create_time	Update_time	Check_time	Collation	Checksum	Create_options	Comment
t1	ROCKSDB	#	Fixed	#	#	#	#	#	#	127	#	#	#	utf8mb4_0900_ai_ci	NULL		
INSERT INTO t1 VALUES ();
ERROR 23000: Duplicate entry '127' for key 't1.PRIMARY'
SELECT * FROM t1;
pk
5
6
127
SHOW TABLE STATUS LIKE 't1';
Name	Engine	Version	Row_format	Rows	Avg_row_length	Data_length	Max_data_length	Index_length	Data_free	Auto_increment	Create_time	Update_time	Check_time	Collation	Checksum	Create_options	Comment
t1	ROCKSDB	#	Fixed	#	#	#	#	#	#	127	#	#	#	utf8mb4_0900_ai_ci	NULL		
DROP TABLE t1;
