include/rpl/init_source_replica.inc
Warnings:
Note	####	Sending passwords in plain text without SSL/TLS is extremely insecure.
Note	####	Storing MySQL user name or password information in the connection metadata repository is not secure and is therefore not recommended. Please consider using the USER and PASSWORD connection options for START REPLICA; see the 'START REPLICA Syntax' in the MySQL Manual for more information.
[connection master]
create table t1 (id int primary key, value int) engine=rocksdb;
insert into t1 values (1,1), (2,2), (3,3);
begin;
insert into t1 values (11, 1);
savepoint a;
insert into t1 values (12, 1);
rollback to savepoint a;
ERROR HY000: MyRocks currently does not support ROLLBACK TO SAVEPOINT if modifying rows.
commit;
ERROR HY000: This transaction was rolled back and cannot be committed. Only supported operation is to roll it back, so all pending changes will be discarded. Please restart another transaction.
commit;
select * from t1;
id	value
1	1
2	2
3	3
include/rpl/sync_to_replica.inc
select * from t1;
id	value
1	1
2	2
3	3
begin;
insert into t1 values (21, 1);
savepoint a;
insert into t1 values (22, 1);
rollback to savepoint a;
ERROR HY000: MyRocks currently does not support ROLLBACK TO SAVEPOINT if modifying rows.
insert into t1 values (23, 1);
ERROR HY000: This transaction was rolled back and cannot be committed. Only supported operation is to roll it back, so all pending changes will be discarded. Please restart another transaction.
commit;
ERROR HY000: This transaction was rolled back and cannot be committed. Only supported operation is to roll it back, so all pending changes will be discarded. Please restart another transaction.
commit;
select * from t1;
id	value
1	1
2	2
3	3
include/rpl/sync_to_replica.inc
select * from t1;
id	value
1	1
2	2
3	3
begin;
insert into t1 values (31, 1);
savepoint a;
insert into t1 values (32, 1);
savepoint b;
insert into t1 values (33, 1);
rollback to savepoint a;
ERROR HY000: MyRocks currently does not support ROLLBACK TO SAVEPOINT if modifying rows.
insert into t1 values (34, 1);
ERROR HY000: This transaction was rolled back and cannot be committed. Only supported operation is to roll it back, so all pending changes will be discarded. Please restart another transaction.
rollback;
select * from t1;
id	value
1	1
2	2
3	3
include/rpl/sync_to_replica.inc
select * from t1;
id	value
1	1
2	2
3	3
SET autocommit=off;
select * from t1;
id	value
1	1
2	2
3	3
SAVEPOINT A;
select * from t1;
id	value
1	1
2	2
3	3
SAVEPOINT A;
insert into t1 values (35, 35);
ROLLBACK TO SAVEPOINT A;
ERROR HY000: MyRocks currently does not support ROLLBACK TO SAVEPOINT if modifying rows.
START TRANSACTION;
ERROR HY000: This transaction was rolled back and cannot be committed. Only supported operation is to roll it back, so all pending changes will be discarded. Please restart another transaction.
select * from t1;
id	value
1	1
2	2
3	3
include/rpl/sync_to_replica.inc
select * from t1;
id	value
1	1
2	2
3	3
drop table t1;
include/rpl/deinit.inc
