CREATE TABLE t1 (a INT, b CHAR(8) PRIMARY KEY) ENGINE=ROCKSDB;
INSERT INTO t1 (a,b) VALUES (100,'a'),(2,'foo');
CREATE TABLE t2 (a INT PRIMARY KEY, b CHAR(8)) ENGINE=ROCKSDB;
INSERT INTO t2 (a,b) VALUES (1,'bar');
set global rocksdb_force_flush_memtable_now = true;
CREATE TABLE t3 (a INT, b CHAR(8), pk INT PRIMARY KEY) ENGINE=ROCKSDB CHARACTER SET utf8;
Warnings:
Warning	3719	'utf8' is currently an alias for the character set UTF8MB3, but will be an alias for UTF8MB4 in a future release. Please consider using UTF8MB4 in order to be unambiguous.
SHOW TABLE STATUS WHERE name IN ( 't1', 't2', 't3' );
Name	Engine	Version	Row_format	Rows	Avg_row_length	Data_length	Max_data_length	Index_length	Data_free	Auto_increment	Create_time	Update_time	Check_time	Collation	Checksum	Create_options	Comment
t1	ROCKSDB	10	Fixed	1000	#	#	0	0	0	NULL	#	#	NULL	utf8mb4_0900_ai_ci	NULL		
t2	ROCKSDB	10	Fixed	1000	#	#	0	0	0	NULL	#	#	NULL	utf8mb4_0900_ai_ci	NULL		
t3	ROCKSDB	10	Fixed	1000	#	#	0	0	0	NULL	#	#	NULL	utf8mb3_general_ci	NULL		
SHOW TABLE STATUS WHERE name LIKE 't2';
Name	Engine	Version	Row_format	Rows	Avg_row_length	Data_length	Max_data_length	Index_length	Data_free	Auto_increment	Create_time	Update_time	Check_time	Collation	Checksum	Create_options	Comment
t2	ROCKSDB	10	Fixed	10000	#	#	0	0	0	NULL	#	#	NULL	utf8mb4_0900_ai_ci	NULL		
DROP TABLE t1, t2, t3;
CREATE DATABASE `db_new..............................................end`;
USE `db_new..............................................end`;
CREATE TABLE `t1_new..............................................end`(a int) engine=ROCKSDB;
INSERT INTO `t1_new..............................................end` VALUES (1);
SELECT MAX(a) FROM `t1_new..............................................end`;
MAX(a)
1
SELECT TABLE_SCHEMA, TABLE_NAME FROM information_schema.table_statistics WHERE TABLE_NAME = 't1_new..............................................end';
DROP DATABASE `db_new..............................................end`;
