create table t1 (id int primary key) engine=rocksdb;
create table t2 (id int, primary key (id) comment 'cf2') engine=rocksdb;
set global rocksdb_force_flush_memtable_now=1;
insert into t2 values (1);
insert into t2 values (2);
insert into t2 values (3);
insert into t1 values (1);
insert into t1 values (2);
insert into t1 values (3);
set global rocksdb_compact_cf='cf2';
insert into t1 values (101);
insert into t2 values (101);
insert into t1 values (102);
insert into t2 values (102);
Sending kill signal 9 to mysqld ...
1
1
1
1
# restart:--rocksdb_wal_recovery_mode=3 --rocksdb_track_and_verify_wals_in_manifest=0
select * from t1;
id
1
2
101
102
select * from t2;
id
1
2
3
101
102
drop table t1, t2;
