# Testing character set armscii8 collation armscii8_bin
CREATE TABLE t_armscii8 (pk_varchar VARCHAR(64) CHARACTER SET armscii8 COLLATE armscii8_bin, pk_char CHAR(64) CHARACTER SET armscii8 COLLATE armscii8_bin, d_varchar VARCHAR(64) CHARACTER SET armscii8 COLLATE armscii8_bin, d_char CHAR(64), PRIMARY KEY(pk_varchar, pk_char)) ENGINE=rocksdb;
INSERT INTO t_armscii8 VALUES('a ', 'a ', 'a ', 'a ');
INSERT INTO t_armscii8 VALUES ('a', 'a', 'a', 'a');
ERROR 23000: Duplicate entry 'a-a' for key 't_armscii8.PRIMARY'
INSERT INTO t_armscii8 VALUES('b  ', 'b  ', 'b  ', 'b  ');;
INSERT INTO t_armscii8 VALUES('b', 'b', 'b', 'b');
ERROR 23000: Duplicate entry 'b-b' for key 't_armscii8.PRIMARY'
INSERT INTO t_armscii8 VALUES('a\t', 'a\t', 'a\t', 'a\t');
INSERT INTO t_armscii8 VALUES('a \t', 'a \t', 'a \t', 'a \t');
# Try longer values
INSERT INTO t_armscii8 VALUES(concat('a', repeat(' ',10)), concat('a', repeat(' ',10)), concat('a', repeat(' ',10)), concat('a', repeat(' ',10)));
ERROR 23000: Duplicate entry 'a          -a' for key 't_armscii8.PRIMARY'
INSERT INTO t_armscii8 VALUES(concat('c', repeat(' ',10)), concat('c', repeat(' ',10)), concat('c', repeat(' ',10)), concat('c', repeat(' ',10)));
SELECT pk_varchar, length(pk_varchar), hex(pk_varchar), pk_char, length(pk_char), hex(pk_char), d_varchar, length(d_varchar), hex(d_varchar), d_char, length(d_char), hex(d_char) FROM t_armscii8;
pk_varchar	length(pk_varchar)	hex(pk_varchar)	pk_char	length(pk_char)	hex(pk_char)	d_varchar	length(d_varchar)	hex(d_varchar)	d_char	length(d_char)	hex(d_char)
a		2	6109	a		2	6109	a		2	6109	a		2	6109
a 		3	612009	a 		3	612009	a 		3	612009	a 		3	612009
a 	2	6120	a	1	61	a 	2	6120	a	1	61
b  	3	622020	b	1	62	b  	3	622020	b	1	62
c          	11	6320202020202020202020	c	1	63	c          	11	6320202020202020202020	c	1	63
DROP TABLE t_armscii8;
# Testing character set ascii collation ascii_bin
CREATE TABLE t_ascii (pk_varchar VARCHAR(64) CHARACTER SET ascii COLLATE ascii_bin, pk_char CHAR(64) CHARACTER SET ascii COLLATE ascii_bin, d_varchar VARCHAR(64) CHARACTER SET ascii COLLATE ascii_bin, d_char CHAR(64), PRIMARY KEY(pk_varchar, pk_char)) ENGINE=rocksdb;
INSERT INTO t_ascii VALUES('a ', 'a ', 'a ', 'a ');
INSERT INTO t_ascii VALUES ('a', 'a', 'a', 'a');
ERROR 23000: Duplicate entry 'a-a' for key 't_ascii.PRIMARY'
INSERT INTO t_ascii VALUES('b  ', 'b  ', 'b  ', 'b  ');;
INSERT INTO t_ascii VALUES('b', 'b', 'b', 'b');
ERROR 23000: Duplicate entry 'b-b' for key 't_ascii.PRIMARY'
INSERT INTO t_ascii VALUES('a\t', 'a\t', 'a\t', 'a\t');
INSERT INTO t_ascii VALUES('a \t', 'a \t', 'a \t', 'a \t');
# Try longer values
INSERT INTO t_ascii VALUES(concat('a', repeat(' ',10)), concat('a', repeat(' ',10)), concat('a', repeat(' ',10)), concat('a', repeat(' ',10)));
ERROR 23000: Duplicate entry 'a          -a' for key 't_ascii.PRIMARY'
INSERT INTO t_ascii VALUES(concat('c', repeat(' ',10)), concat('c', repeat(' ',10)), concat('c', repeat(' ',10)), concat('c', repeat(' ',10)));
SELECT pk_varchar, length(pk_varchar), hex(pk_varchar), pk_char, length(pk_char), hex(pk_char), d_varchar, length(d_varchar), hex(d_varchar), d_char, length(d_char), hex(d_char) FROM t_ascii;
pk_varchar	length(pk_varchar)	hex(pk_varchar)	pk_char	length(pk_char)	hex(pk_char)	d_varchar	length(d_varchar)	hex(d_varchar)	d_char	length(d_char)	hex(d_char)
a		2	6109	a		2	6109	a		2	6109	a		2	6109
a 		3	612009	a 		3	612009	a 		3	612009	a 		3	612009
a 	2	6120	a	1	61	a 	2	6120	a	1	61
b  	3	622020	b	1	62	b  	3	622020	b	1	62
c          	11	6320202020202020202020	c	1	63	c          	11	6320202020202020202020	c	1	63
DROP TABLE t_ascii;
# Testing character set big5 collation big5_bin
CREATE TABLE t_big5 (pk_varchar VARCHAR(64) CHARACTER SET big5 COLLATE big5_bin, pk_char CHAR(64) CHARACTER SET big5 COLLATE big5_bin, d_varchar VARCHAR(64) CHARACTER SET big5 COLLATE big5_bin, d_char CHAR(64), PRIMARY KEY(pk_varchar, pk_char)) ENGINE=rocksdb;
INSERT INTO t_big5 VALUES('a ', 'a ', 'a ', 'a ');
INSERT INTO t_big5 VALUES ('a', 'a', 'a', 'a');
ERROR 23000: Duplicate entry 'a-a' for key 't_big5.PRIMARY'
INSERT INTO t_big5 VALUES('b  ', 'b  ', 'b  ', 'b  ');;
INSERT INTO t_big5 VALUES('b', 'b', 'b', 'b');
ERROR 23000: Duplicate entry 'b-b' for key 't_big5.PRIMARY'
INSERT INTO t_big5 VALUES('a\t', 'a\t', 'a\t', 'a\t');
INSERT INTO t_big5 VALUES('a \t', 'a \t', 'a \t', 'a \t');
# Try longer values
INSERT INTO t_big5 VALUES(concat('a', repeat(' ',10)), concat('a', repeat(' ',10)), concat('a', repeat(' ',10)), concat('a', repeat(' ',10)));
ERROR 23000: Duplicate entry 'a          -a' for key 't_big5.PRIMARY'
INSERT INTO t_big5 VALUES(concat('c', repeat(' ',10)), concat('c', repeat(' ',10)), concat('c', repeat(' ',10)), concat('c', repeat(' ',10)));
SELECT pk_varchar, length(pk_varchar), hex(pk_varchar), pk_char, length(pk_char), hex(pk_char), d_varchar, length(d_varchar), hex(d_varchar), d_char, length(d_char), hex(d_char) FROM t_big5;
pk_varchar	length(pk_varchar)	hex(pk_varchar)	pk_char	length(pk_char)	hex(pk_char)	d_varchar	length(d_varchar)	hex(d_varchar)	d_char	length(d_char)	hex(d_char)
a		2	6109	a		2	6109	a		2	6109	a		2	6109
a 		3	612009	a 		3	612009	a 		3	612009	a 		3	612009
a 	2	6120	a	1	61	a 	2	6120	a	1	61
b  	3	622020	b	1	62	b  	3	622020	b	1	62
c          	11	6320202020202020202020	c	1	63	c          	11	6320202020202020202020	c	1	63
DROP TABLE t_big5;
# Testing character set cp1250 collation cp1250_bin
CREATE TABLE t_cp1250 (pk_varchar VARCHAR(64) CHARACTER SET cp1250 COLLATE cp1250_bin, pk_char CHAR(64) CHARACTER SET cp1250 COLLATE cp1250_bin, d_varchar VARCHAR(64) CHARACTER SET cp1250 COLLATE cp1250_bin, d_char CHAR(64), PRIMARY KEY(pk_varchar, pk_char)) ENGINE=rocksdb;
INSERT INTO t_cp1250 VALUES('a ', 'a ', 'a ', 'a ');
INSERT INTO t_cp1250 VALUES ('a', 'a', 'a', 'a');
ERROR 23000: Duplicate entry 'a-a' for key 't_cp1250.PRIMARY'
INSERT INTO t_cp1250 VALUES('b  ', 'b  ', 'b  ', 'b  ');;
INSERT INTO t_cp1250 VALUES('b', 'b', 'b', 'b');
ERROR 23000: Duplicate entry 'b-b' for key 't_cp1250.PRIMARY'
INSERT INTO t_cp1250 VALUES('a\t', 'a\t', 'a\t', 'a\t');
INSERT INTO t_cp1250 VALUES('a \t', 'a \t', 'a \t', 'a \t');
# Try longer values
INSERT INTO t_cp1250 VALUES(concat('a', repeat(' ',10)), concat('a', repeat(' ',10)), concat('a', repeat(' ',10)), concat('a', repeat(' ',10)));
ERROR 23000: Duplicate entry 'a          -a' for key 't_cp1250.PRIMARY'
INSERT INTO t_cp1250 VALUES(concat('c', repeat(' ',10)), concat('c', repeat(' ',10)), concat('c', repeat(' ',10)), concat('c', repeat(' ',10)));
SELECT pk_varchar, length(pk_varchar), hex(pk_varchar), pk_char, length(pk_char), hex(pk_char), d_varchar, length(d_varchar), hex(d_varchar), d_char, length(d_char), hex(d_char) FROM t_cp1250;
pk_varchar	length(pk_varchar)	hex(pk_varchar)	pk_char	length(pk_char)	hex(pk_char)	d_varchar	length(d_varchar)	hex(d_varchar)	d_char	length(d_char)	hex(d_char)
a		2	6109	a		2	6109	a		2	6109	a		2	6109
a 		3	612009	a 		3	612009	a 		3	612009	a 		3	612009
a 	2	6120	a	1	61	a 	2	6120	a	1	61
b  	3	622020	b	1	62	b  	3	622020	b	1	62
c          	11	6320202020202020202020	c	1	63	c          	11	6320202020202020202020	c	1	63
DROP TABLE t_cp1250;
# Testing character set cp1251 collation cp1251_bin
CREATE TABLE t_cp1251 (pk_varchar VARCHAR(64) CHARACTER SET cp1251 COLLATE cp1251_bin, pk_char CHAR(64) CHARACTER SET cp1251 COLLATE cp1251_bin, d_varchar VARCHAR(64) CHARACTER SET cp1251 COLLATE cp1251_bin, d_char CHAR(64), PRIMARY KEY(pk_varchar, pk_char)) ENGINE=rocksdb;
INSERT INTO t_cp1251 VALUES('a ', 'a ', 'a ', 'a ');
INSERT INTO t_cp1251 VALUES ('a', 'a', 'a', 'a');
ERROR 23000: Duplicate entry 'a-a' for key 't_cp1251.PRIMARY'
INSERT INTO t_cp1251 VALUES('b  ', 'b  ', 'b  ', 'b  ');;
INSERT INTO t_cp1251 VALUES('b', 'b', 'b', 'b');
ERROR 23000: Duplicate entry 'b-b' for key 't_cp1251.PRIMARY'
INSERT INTO t_cp1251 VALUES('a\t', 'a\t', 'a\t', 'a\t');
INSERT INTO t_cp1251 VALUES('a \t', 'a \t', 'a \t', 'a \t');
# Try longer values
INSERT INTO t_cp1251 VALUES(concat('a', repeat(' ',10)), concat('a', repeat(' ',10)), concat('a', repeat(' ',10)), concat('a', repeat(' ',10)));
ERROR 23000: Duplicate entry 'a          -a' for key 't_cp1251.PRIMARY'
INSERT INTO t_cp1251 VALUES(concat('c', repeat(' ',10)), concat('c', repeat(' ',10)), concat('c', repeat(' ',10)), concat('c', repeat(' ',10)));
SELECT pk_varchar, length(pk_varchar), hex(pk_varchar), pk_char, length(pk_char), hex(pk_char), d_varchar, length(d_varchar), hex(d_varchar), d_char, length(d_char), hex(d_char) FROM t_cp1251;
pk_varchar	length(pk_varchar)	hex(pk_varchar)	pk_char	length(pk_char)	hex(pk_char)	d_varchar	length(d_varchar)	hex(d_varchar)	d_char	length(d_char)	hex(d_char)
a		2	6109	a		2	6109	a		2	6109	a		2	6109
a 		3	612009	a 		3	612009	a 		3	612009	a 		3	612009
a 	2	6120	a	1	61	a 	2	6120	a	1	61
b  	3	622020	b	1	62	b  	3	622020	b	1	62
c          	11	6320202020202020202020	c	1	63	c          	11	6320202020202020202020	c	1	63
DROP TABLE t_cp1251;
# Testing character set cp1256 collation cp1256_bin
CREATE TABLE t_cp1256 (pk_varchar VARCHAR(64) CHARACTER SET cp1256 COLLATE cp1256_bin, pk_char CHAR(64) CHARACTER SET cp1256 COLLATE cp1256_bin, d_varchar VARCHAR(64) CHARACTER SET cp1256 COLLATE cp1256_bin, d_char CHAR(64), PRIMARY KEY(pk_varchar, pk_char)) ENGINE=rocksdb;
INSERT INTO t_cp1256 VALUES('a ', 'a ', 'a ', 'a ');
INSERT INTO t_cp1256 VALUES ('a', 'a', 'a', 'a');
ERROR 23000: Duplicate entry 'a-a' for key 't_cp1256.PRIMARY'
INSERT INTO t_cp1256 VALUES('b  ', 'b  ', 'b  ', 'b  ');;
INSERT INTO t_cp1256 VALUES('b', 'b', 'b', 'b');
ERROR 23000: Duplicate entry 'b-b' for key 't_cp1256.PRIMARY'
INSERT INTO t_cp1256 VALUES('a\t', 'a\t', 'a\t', 'a\t');
INSERT INTO t_cp1256 VALUES('a \t', 'a \t', 'a \t', 'a \t');
# Try longer values
INSERT INTO t_cp1256 VALUES(concat('a', repeat(' ',10)), concat('a', repeat(' ',10)), concat('a', repeat(' ',10)), concat('a', repeat(' ',10)));
ERROR 23000: Duplicate entry 'a          -a' for key 't_cp1256.PRIMARY'
INSERT INTO t_cp1256 VALUES(concat('c', repeat(' ',10)), concat('c', repeat(' ',10)), concat('c', repeat(' ',10)), concat('c', repeat(' ',10)));
SELECT pk_varchar, length(pk_varchar), hex(pk_varchar), pk_char, length(pk_char), hex(pk_char), d_varchar, length(d_varchar), hex(d_varchar), d_char, length(d_char), hex(d_char) FROM t_cp1256;
pk_varchar	length(pk_varchar)	hex(pk_varchar)	pk_char	length(pk_char)	hex(pk_char)	d_varchar	length(d_varchar)	hex(d_varchar)	d_char	length(d_char)	hex(d_char)
a		2	6109	a		2	6109	a		2	6109	a		2	6109
a 		3	612009	a 		3	612009	a 		3	612009	a 		3	612009
a 	2	6120	a	1	61	a 	2	6120	a	1	61
b  	3	622020	b	1	62	b  	3	622020	b	1	62
c          	11	6320202020202020202020	c	1	63	c          	11	6320202020202020202020	c	1	63
DROP TABLE t_cp1256;
# Testing character set cp1257 collation cp1257_bin
CREATE TABLE t_cp1257 (pk_varchar VARCHAR(64) CHARACTER SET cp1257 COLLATE cp1257_bin, pk_char CHAR(64) CHARACTER SET cp1257 COLLATE cp1257_bin, d_varchar VARCHAR(64) CHARACTER SET cp1257 COLLATE cp1257_bin, d_char CHAR(64), PRIMARY KEY(pk_varchar, pk_char)) ENGINE=rocksdb;
INSERT INTO t_cp1257 VALUES('a ', 'a ', 'a ', 'a ');
INSERT INTO t_cp1257 VALUES ('a', 'a', 'a', 'a');
ERROR 23000: Duplicate entry 'a-a' for key 't_cp1257.PRIMARY'
INSERT INTO t_cp1257 VALUES('b  ', 'b  ', 'b  ', 'b  ');;
INSERT INTO t_cp1257 VALUES('b', 'b', 'b', 'b');
ERROR 23000: Duplicate entry 'b-b' for key 't_cp1257.PRIMARY'
INSERT INTO t_cp1257 VALUES('a\t', 'a\t', 'a\t', 'a\t');
INSERT INTO t_cp1257 VALUES('a \t', 'a \t', 'a \t', 'a \t');
# Try longer values
INSERT INTO t_cp1257 VALUES(concat('a', repeat(' ',10)), concat('a', repeat(' ',10)), concat('a', repeat(' ',10)), concat('a', repeat(' ',10)));
ERROR 23000: Duplicate entry 'a          -a' for key 't_cp1257.PRIMARY'
INSERT INTO t_cp1257 VALUES(concat('c', repeat(' ',10)), concat('c', repeat(' ',10)), concat('c', repeat(' ',10)), concat('c', repeat(' ',10)));
SELECT pk_varchar, length(pk_varchar), hex(pk_varchar), pk_char, length(pk_char), hex(pk_char), d_varchar, length(d_varchar), hex(d_varchar), d_char, length(d_char), hex(d_char) FROM t_cp1257;
pk_varchar	length(pk_varchar)	hex(pk_varchar)	pk_char	length(pk_char)	hex(pk_char)	d_varchar	length(d_varchar)	hex(d_varchar)	d_char	length(d_char)	hex(d_char)
a		2	6109	a		2	6109	a		2	6109	a		2	6109
a 		3	612009	a 		3	612009	a 		3	612009	a 		3	612009
a 	2	6120	a	1	61	a 	2	6120	a	1	61
b  	3	622020	b	1	62	b  	3	622020	b	1	62
c          	11	6320202020202020202020	c	1	63	c          	11	6320202020202020202020	c	1	63
DROP TABLE t_cp1257;
# Testing character set cp850 collation cp850_bin
CREATE TABLE t_cp850 (pk_varchar VARCHAR(64) CHARACTER SET cp850 COLLATE cp850_bin, pk_char CHAR(64) CHARACTER SET cp850 COLLATE cp850_bin, d_varchar VARCHAR(64) CHARACTER SET cp850 COLLATE cp850_bin, d_char CHAR(64), PRIMARY KEY(pk_varchar, pk_char)) ENGINE=rocksdb;
INSERT INTO t_cp850 VALUES('a ', 'a ', 'a ', 'a ');
INSERT INTO t_cp850 VALUES ('a', 'a', 'a', 'a');
ERROR 23000: Duplicate entry 'a-a' for key 't_cp850.PRIMARY'
INSERT INTO t_cp850 VALUES('b  ', 'b  ', 'b  ', 'b  ');;
INSERT INTO t_cp850 VALUES('b', 'b', 'b', 'b');
ERROR 23000: Duplicate entry 'b-b' for key 't_cp850.PRIMARY'
INSERT INTO t_cp850 VALUES('a\t', 'a\t', 'a\t', 'a\t');
INSERT INTO t_cp850 VALUES('a \t', 'a \t', 'a \t', 'a \t');
# Try longer values
INSERT INTO t_cp850 VALUES(concat('a', repeat(' ',10)), concat('a', repeat(' ',10)), concat('a', repeat(' ',10)), concat('a', repeat(' ',10)));
ERROR 23000: Duplicate entry 'a          -a' for key 't_cp850.PRIMARY'
INSERT INTO t_cp850 VALUES(concat('c', repeat(' ',10)), concat('c', repeat(' ',10)), concat('c', repeat(' ',10)), concat('c', repeat(' ',10)));
SELECT pk_varchar, length(pk_varchar), hex(pk_varchar), pk_char, length(pk_char), hex(pk_char), d_varchar, length(d_varchar), hex(d_varchar), d_char, length(d_char), hex(d_char) FROM t_cp850;
pk_varchar	length(pk_varchar)	hex(pk_varchar)	pk_char	length(pk_char)	hex(pk_char)	d_varchar	length(d_varchar)	hex(d_varchar)	d_char	length(d_char)	hex(d_char)
a		2	6109	a		2	6109	a		2	6109	a		2	6109
a 		3	612009	a 		3	612009	a 		3	612009	a 		3	612009
a 	2	6120	a	1	61	a 	2	6120	a	1	61
b  	3	622020	b	1	62	b  	3	622020	b	1	62
c          	11	6320202020202020202020	c	1	63	c          	11	6320202020202020202020	c	1	63
DROP TABLE t_cp850;
# Testing character set cp852 collation cp852_bin
CREATE TABLE t_cp852 (pk_varchar VARCHAR(64) CHARACTER SET cp852 COLLATE cp852_bin, pk_char CHAR(64) CHARACTER SET cp852 COLLATE cp852_bin, d_varchar VARCHAR(64) CHARACTER SET cp852 COLLATE cp852_bin, d_char CHAR(64), PRIMARY KEY(pk_varchar, pk_char)) ENGINE=rocksdb;
INSERT INTO t_cp852 VALUES('a ', 'a ', 'a ', 'a ');
INSERT INTO t_cp852 VALUES ('a', 'a', 'a', 'a');
ERROR 23000: Duplicate entry 'a-a' for key 't_cp852.PRIMARY'
INSERT INTO t_cp852 VALUES('b  ', 'b  ', 'b  ', 'b  ');;
INSERT INTO t_cp852 VALUES('b', 'b', 'b', 'b');
ERROR 23000: Duplicate entry 'b-b' for key 't_cp852.PRIMARY'
INSERT INTO t_cp852 VALUES('a\t', 'a\t', 'a\t', 'a\t');
INSERT INTO t_cp852 VALUES('a \t', 'a \t', 'a \t', 'a \t');
# Try longer values
INSERT INTO t_cp852 VALUES(concat('a', repeat(' ',10)), concat('a', repeat(' ',10)), concat('a', repeat(' ',10)), concat('a', repeat(' ',10)));
ERROR 23000: Duplicate entry 'a          -a' for key 't_cp852.PRIMARY'
INSERT INTO t_cp852 VALUES(concat('c', repeat(' ',10)), concat('c', repeat(' ',10)), concat('c', repeat(' ',10)), concat('c', repeat(' ',10)));
SELECT pk_varchar, length(pk_varchar), hex(pk_varchar), pk_char, length(pk_char), hex(pk_char), d_varchar, length(d_varchar), hex(d_varchar), d_char, length(d_char), hex(d_char) FROM t_cp852;
pk_varchar	length(pk_varchar)	hex(pk_varchar)	pk_char	length(pk_char)	hex(pk_char)	d_varchar	length(d_varchar)	hex(d_varchar)	d_char	length(d_char)	hex(d_char)
a		2	6109	a		2	6109	a		2	6109	a		2	6109
a 		3	612009	a 		3	612009	a 		3	612009	a 		3	612009
a 	2	6120	a	1	61	a 	2	6120	a	1	61
b  	3	622020	b	1	62	b  	3	622020	b	1	62
c          	11	6320202020202020202020	c	1	63	c          	11	6320202020202020202020	c	1	63
DROP TABLE t_cp852;
# Testing character set cp866 collation cp866_bin
CREATE TABLE t_cp866 (pk_varchar VARCHAR(64) CHARACTER SET cp866 COLLATE cp866_bin, pk_char CHAR(64) CHARACTER SET cp866 COLLATE cp866_bin, d_varchar VARCHAR(64) CHARACTER SET cp866 COLLATE cp866_bin, d_char CHAR(64), PRIMARY KEY(pk_varchar, pk_char)) ENGINE=rocksdb;
INSERT INTO t_cp866 VALUES('a ', 'a ', 'a ', 'a ');
INSERT INTO t_cp866 VALUES ('a', 'a', 'a', 'a');
ERROR 23000: Duplicate entry 'a-a' for key 't_cp866.PRIMARY'
INSERT INTO t_cp866 VALUES('b  ', 'b  ', 'b  ', 'b  ');;
INSERT INTO t_cp866 VALUES('b', 'b', 'b', 'b');
ERROR 23000: Duplicate entry 'b-b' for key 't_cp866.PRIMARY'
INSERT INTO t_cp866 VALUES('a\t', 'a\t', 'a\t', 'a\t');
INSERT INTO t_cp866 VALUES('a \t', 'a \t', 'a \t', 'a \t');
# Try longer values
INSERT INTO t_cp866 VALUES(concat('a', repeat(' ',10)), concat('a', repeat(' ',10)), concat('a', repeat(' ',10)), concat('a', repeat(' ',10)));
ERROR 23000: Duplicate entry 'a          -a' for key 't_cp866.PRIMARY'
INSERT INTO t_cp866 VALUES(concat('c', repeat(' ',10)), concat('c', repeat(' ',10)), concat('c', repeat(' ',10)), concat('c', repeat(' ',10)));
SELECT pk_varchar, length(pk_varchar), hex(pk_varchar), pk_char, length(pk_char), hex(pk_char), d_varchar, length(d_varchar), hex(d_varchar), d_char, length(d_char), hex(d_char) FROM t_cp866;
pk_varchar	length(pk_varchar)	hex(pk_varchar)	pk_char	length(pk_char)	hex(pk_char)	d_varchar	length(d_varchar)	hex(d_varchar)	d_char	length(d_char)	hex(d_char)
a		2	6109	a		2	6109	a		2	6109	a		2	6109
a 		3	612009	a 		3	612009	a 		3	612009	a 		3	612009
a 	2	6120	a	1	61	a 	2	6120	a	1	61
b  	3	622020	b	1	62	b  	3	622020	b	1	62
c          	11	6320202020202020202020	c	1	63	c          	11	6320202020202020202020	c	1	63
DROP TABLE t_cp866;
# Testing character set cp932 collation cp932_bin
CREATE TABLE t_cp932 (pk_varchar VARCHAR(64) CHARACTER SET cp932 COLLATE cp932_bin, pk_char CHAR(64) CHARACTER SET cp932 COLLATE cp932_bin, d_varchar VARCHAR(64) CHARACTER SET cp932 COLLATE cp932_bin, d_char CHAR(64), PRIMARY KEY(pk_varchar, pk_char)) ENGINE=rocksdb;
INSERT INTO t_cp932 VALUES('a ', 'a ', 'a ', 'a ');
INSERT INTO t_cp932 VALUES ('a', 'a', 'a', 'a');
ERROR 23000: Duplicate entry 'a-a' for key 't_cp932.PRIMARY'
INSERT INTO t_cp932 VALUES('b  ', 'b  ', 'b  ', 'b  ');;
INSERT INTO t_cp932 VALUES('b', 'b', 'b', 'b');
ERROR 23000: Duplicate entry 'b-b' for key 't_cp932.PRIMARY'
INSERT INTO t_cp932 VALUES('a\t', 'a\t', 'a\t', 'a\t');
INSERT INTO t_cp932 VALUES('a \t', 'a \t', 'a \t', 'a \t');
# Try longer values
INSERT INTO t_cp932 VALUES(concat('a', repeat(' ',10)), concat('a', repeat(' ',10)), concat('a', repeat(' ',10)), concat('a', repeat(' ',10)));
ERROR 23000: Duplicate entry 'a          -a' for key 't_cp932.PRIMARY'
INSERT INTO t_cp932 VALUES(concat('c', repeat(' ',10)), concat('c', repeat(' ',10)), concat('c', repeat(' ',10)), concat('c', repeat(' ',10)));
SELECT pk_varchar, length(pk_varchar), hex(pk_varchar), pk_char, length(pk_char), hex(pk_char), d_varchar, length(d_varchar), hex(d_varchar), d_char, length(d_char), hex(d_char) FROM t_cp932;
pk_varchar	length(pk_varchar)	hex(pk_varchar)	pk_char	length(pk_char)	hex(pk_char)	d_varchar	length(d_varchar)	hex(d_varchar)	d_char	length(d_char)	hex(d_char)
a		2	6109	a		2	6109	a		2	6109	a		2	6109
a 		3	612009	a 		3	612009	a 		3	612009	a 		3	612009
a 	2	6120	a	1	61	a 	2	6120	a	1	61
b  	3	622020	b	1	62	b  	3	622020	b	1	62
c          	11	6320202020202020202020	c	1	63	c          	11	6320202020202020202020	c	1	63
DROP TABLE t_cp932;
# Testing character set dec8 collation dec8_bin
CREATE TABLE t_dec8 (pk_varchar VARCHAR(64) CHARACTER SET dec8 COLLATE dec8_bin, pk_char CHAR(64) CHARACTER SET dec8 COLLATE dec8_bin, d_varchar VARCHAR(64) CHARACTER SET dec8 COLLATE dec8_bin, d_char CHAR(64), PRIMARY KEY(pk_varchar, pk_char)) ENGINE=rocksdb;
INSERT INTO t_dec8 VALUES('a ', 'a ', 'a ', 'a ');
INSERT INTO t_dec8 VALUES ('a', 'a', 'a', 'a');
ERROR 23000: Duplicate entry 'a-a' for key 't_dec8.PRIMARY'
INSERT INTO t_dec8 VALUES('b  ', 'b  ', 'b  ', 'b  ');;
INSERT INTO t_dec8 VALUES('b', 'b', 'b', 'b');
ERROR 23000: Duplicate entry 'b-b' for key 't_dec8.PRIMARY'
INSERT INTO t_dec8 VALUES('a\t', 'a\t', 'a\t', 'a\t');
INSERT INTO t_dec8 VALUES('a \t', 'a \t', 'a \t', 'a \t');
# Try longer values
INSERT INTO t_dec8 VALUES(concat('a', repeat(' ',10)), concat('a', repeat(' ',10)), concat('a', repeat(' ',10)), concat('a', repeat(' ',10)));
ERROR 23000: Duplicate entry 'a          -a' for key 't_dec8.PRIMARY'
INSERT INTO t_dec8 VALUES(concat('c', repeat(' ',10)), concat('c', repeat(' ',10)), concat('c', repeat(' ',10)), concat('c', repeat(' ',10)));
SELECT pk_varchar, length(pk_varchar), hex(pk_varchar), pk_char, length(pk_char), hex(pk_char), d_varchar, length(d_varchar), hex(d_varchar), d_char, length(d_char), hex(d_char) FROM t_dec8;
pk_varchar	length(pk_varchar)	hex(pk_varchar)	pk_char	length(pk_char)	hex(pk_char)	d_varchar	length(d_varchar)	hex(d_varchar)	d_char	length(d_char)	hex(d_char)
a		2	6109	a		2	6109	a		2	6109	a		2	6109
a 		3	612009	a 		3	612009	a 		3	612009	a 		3	612009
a 	2	6120	a	1	61	a 	2	6120	a	1	61
b  	3	622020	b	1	62	b  	3	622020	b	1	62
c          	11	6320202020202020202020	c	1	63	c          	11	6320202020202020202020	c	1	63
DROP TABLE t_dec8;
# Testing character set eucjpms collation eucjpms_bin
CREATE TABLE t_eucjpms (pk_varchar VARCHAR(64) CHARACTER SET eucjpms COLLATE eucjpms_bin, pk_char CHAR(64) CHARACTER SET eucjpms COLLATE eucjpms_bin, d_varchar VARCHAR(64) CHARACTER SET eucjpms COLLATE eucjpms_bin, d_char CHAR(64), PRIMARY KEY(pk_varchar, pk_char)) ENGINE=rocksdb;
INSERT INTO t_eucjpms VALUES('a ', 'a ', 'a ', 'a ');
INSERT INTO t_eucjpms VALUES ('a', 'a', 'a', 'a');
ERROR 23000: Duplicate entry 'a-a' for key 't_eucjpms.PRIMARY'
INSERT INTO t_eucjpms VALUES('b  ', 'b  ', 'b  ', 'b  ');;
INSERT INTO t_eucjpms VALUES('b', 'b', 'b', 'b');
ERROR 23000: Duplicate entry 'b-b' for key 't_eucjpms.PRIMARY'
INSERT INTO t_eucjpms VALUES('a\t', 'a\t', 'a\t', 'a\t');
INSERT INTO t_eucjpms VALUES('a \t', 'a \t', 'a \t', 'a \t');
# Try longer values
INSERT INTO t_eucjpms VALUES(concat('a', repeat(' ',10)), concat('a', repeat(' ',10)), concat('a', repeat(' ',10)), concat('a', repeat(' ',10)));
ERROR 23000: Duplicate entry 'a          -a' for key 't_eucjpms.PRIMARY'
INSERT INTO t_eucjpms VALUES(concat('c', repeat(' ',10)), concat('c', repeat(' ',10)), concat('c', repeat(' ',10)), concat('c', repeat(' ',10)));
SELECT pk_varchar, length(pk_varchar), hex(pk_varchar), pk_char, length(pk_char), hex(pk_char), d_varchar, length(d_varchar), hex(d_varchar), d_char, length(d_char), hex(d_char) FROM t_eucjpms;
pk_varchar	length(pk_varchar)	hex(pk_varchar)	pk_char	length(pk_char)	hex(pk_char)	d_varchar	length(d_varchar)	hex(d_varchar)	d_char	length(d_char)	hex(d_char)
a		2	6109	a		2	6109	a		2	6109	a		2	6109
a 		3	612009	a 		3	612009	a 		3	612009	a 		3	612009
a 	2	6120	a	1	61	a 	2	6120	a	1	61
b  	3	622020	b	1	62	b  	3	622020	b	1	62
c          	11	6320202020202020202020	c	1	63	c          	11	6320202020202020202020	c	1	63
DROP TABLE t_eucjpms;
# Testing character set euckr collation euckr_bin
CREATE TABLE t_euckr (pk_varchar VARCHAR(64) CHARACTER SET euckr COLLATE euckr_bin, pk_char CHAR(64) CHARACTER SET euckr COLLATE euckr_bin, d_varchar VARCHAR(64) CHARACTER SET euckr COLLATE euckr_bin, d_char CHAR(64), PRIMARY KEY(pk_varchar, pk_char)) ENGINE=rocksdb;
INSERT INTO t_euckr VALUES('a ', 'a ', 'a ', 'a ');
INSERT INTO t_euckr VALUES ('a', 'a', 'a', 'a');
ERROR 23000: Duplicate entry 'a-a' for key 't_euckr.PRIMARY'
INSERT INTO t_euckr VALUES('b  ', 'b  ', 'b  ', 'b  ');;
INSERT INTO t_euckr VALUES('b', 'b', 'b', 'b');
ERROR 23000: Duplicate entry 'b-b' for key 't_euckr.PRIMARY'
INSERT INTO t_euckr VALUES('a\t', 'a\t', 'a\t', 'a\t');
INSERT INTO t_euckr VALUES('a \t', 'a \t', 'a \t', 'a \t');
# Try longer values
INSERT INTO t_euckr VALUES(concat('a', repeat(' ',10)), concat('a', repeat(' ',10)), concat('a', repeat(' ',10)), concat('a', repeat(' ',10)));
ERROR 23000: Duplicate entry 'a          -a' for key 't_euckr.PRIMARY'
INSERT INTO t_euckr VALUES(concat('c', repeat(' ',10)), concat('c', repeat(' ',10)), concat('c', repeat(' ',10)), concat('c', repeat(' ',10)));
SELECT pk_varchar, length(pk_varchar), hex(pk_varchar), pk_char, length(pk_char), hex(pk_char), d_varchar, length(d_varchar), hex(d_varchar), d_char, length(d_char), hex(d_char) FROM t_euckr;
pk_varchar	length(pk_varchar)	hex(pk_varchar)	pk_char	length(pk_char)	hex(pk_char)	d_varchar	length(d_varchar)	hex(d_varchar)	d_char	length(d_char)	hex(d_char)
a		2	6109	a		2	6109	a		2	6109	a		2	6109
a 		3	612009	a 		3	612009	a 		3	612009	a 		3	612009
a 	2	6120	a	1	61	a 	2	6120	a	1	61
b  	3	622020	b	1	62	b  	3	622020	b	1	62
c          	11	6320202020202020202020	c	1	63	c          	11	6320202020202020202020	c	1	63
DROP TABLE t_euckr;
# Testing character set gb18030 collation gb18030_bin
CREATE TABLE t_gb18030 (pk_varchar VARCHAR(64) CHARACTER SET gb18030 COLLATE gb18030_bin, pk_char CHAR(64) CHARACTER SET gb18030 COLLATE gb18030_bin, d_varchar VARCHAR(64) CHARACTER SET gb18030 COLLATE gb18030_bin, d_char CHAR(64), PRIMARY KEY(pk_varchar, pk_char)) ENGINE=rocksdb;
INSERT INTO t_gb18030 VALUES('a ', 'a ', 'a ', 'a ');
INSERT INTO t_gb18030 VALUES ('a', 'a', 'a', 'a');
ERROR 23000: Duplicate entry 'a-a' for key 't_gb18030.PRIMARY'
INSERT INTO t_gb18030 VALUES('b  ', 'b  ', 'b  ', 'b  ');;
INSERT INTO t_gb18030 VALUES('b', 'b', 'b', 'b');
ERROR 23000: Duplicate entry 'b-b' for key 't_gb18030.PRIMARY'
INSERT INTO t_gb18030 VALUES('a\t', 'a\t', 'a\t', 'a\t');
INSERT INTO t_gb18030 VALUES('a \t', 'a \t', 'a \t', 'a \t');
# Try longer values
INSERT INTO t_gb18030 VALUES(concat('a', repeat(' ',10)), concat('a', repeat(' ',10)), concat('a', repeat(' ',10)), concat('a', repeat(' ',10)));
ERROR 23000: Duplicate entry 'a          -a' for key 't_gb18030.PRIMARY'
INSERT INTO t_gb18030 VALUES(concat('c', repeat(' ',10)), concat('c', repeat(' ',10)), concat('c', repeat(' ',10)), concat('c', repeat(' ',10)));
SELECT pk_varchar, length(pk_varchar), hex(pk_varchar), pk_char, length(pk_char), hex(pk_char), d_varchar, length(d_varchar), hex(d_varchar), d_char, length(d_char), hex(d_char) FROM t_gb18030;
pk_varchar	length(pk_varchar)	hex(pk_varchar)	pk_char	length(pk_char)	hex(pk_char)	d_varchar	length(d_varchar)	hex(d_varchar)	d_char	length(d_char)	hex(d_char)
a		2	6109	a		2	6109	a		2	6109	a		2	6109
a 		3	612009	a 		3	612009	a 		3	612009	a 		3	612009
a 	2	6120	a	1	61	a 	2	6120	a	1	61
b  	3	622020	b	1	62	b  	3	622020	b	1	62
c          	11	6320202020202020202020	c	1	63	c          	11	6320202020202020202020	c	1	63
DROP TABLE t_gb18030;
# Testing character set gb2312 collation gb2312_bin
CREATE TABLE t_gb2312 (pk_varchar VARCHAR(64) CHARACTER SET gb2312 COLLATE gb2312_bin, pk_char CHAR(64) CHARACTER SET gb2312 COLLATE gb2312_bin, d_varchar VARCHAR(64) CHARACTER SET gb2312 COLLATE gb2312_bin, d_char CHAR(64), PRIMARY KEY(pk_varchar, pk_char)) ENGINE=rocksdb;
INSERT INTO t_gb2312 VALUES('a ', 'a ', 'a ', 'a ');
INSERT INTO t_gb2312 VALUES ('a', 'a', 'a', 'a');
ERROR 23000: Duplicate entry 'a-a' for key 't_gb2312.PRIMARY'
INSERT INTO t_gb2312 VALUES('b  ', 'b  ', 'b  ', 'b  ');;
INSERT INTO t_gb2312 VALUES('b', 'b', 'b', 'b');
ERROR 23000: Duplicate entry 'b-b' for key 't_gb2312.PRIMARY'
INSERT INTO t_gb2312 VALUES('a\t', 'a\t', 'a\t', 'a\t');
INSERT INTO t_gb2312 VALUES('a \t', 'a \t', 'a \t', 'a \t');
# Try longer values
INSERT INTO t_gb2312 VALUES(concat('a', repeat(' ',10)), concat('a', repeat(' ',10)), concat('a', repeat(' ',10)), concat('a', repeat(' ',10)));
ERROR 23000: Duplicate entry 'a          -a' for key 't_gb2312.PRIMARY'
INSERT INTO t_gb2312 VALUES(concat('c', repeat(' ',10)), concat('c', repeat(' ',10)), concat('c', repeat(' ',10)), concat('c', repeat(' ',10)));
SELECT pk_varchar, length(pk_varchar), hex(pk_varchar), pk_char, length(pk_char), hex(pk_char), d_varchar, length(d_varchar), hex(d_varchar), d_char, length(d_char), hex(d_char) FROM t_gb2312;
pk_varchar	length(pk_varchar)	hex(pk_varchar)	pk_char	length(pk_char)	hex(pk_char)	d_varchar	length(d_varchar)	hex(d_varchar)	d_char	length(d_char)	hex(d_char)
a		2	6109	a		2	6109	a		2	6109	a		2	6109
a 		3	612009	a 		3	612009	a 		3	612009	a 		3	612009
a 	2	6120	a	1	61	a 	2	6120	a	1	61
b  	3	622020	b	1	62	b  	3	622020	b	1	62
c          	11	6320202020202020202020	c	1	63	c          	11	6320202020202020202020	c	1	63
DROP TABLE t_gb2312;
# Testing character set gbk collation gbk_bin
CREATE TABLE t_gbk (pk_varchar VARCHAR(64) CHARACTER SET gbk COLLATE gbk_bin, pk_char CHAR(64) CHARACTER SET gbk COLLATE gbk_bin, d_varchar VARCHAR(64) CHARACTER SET gbk COLLATE gbk_bin, d_char CHAR(64), PRIMARY KEY(pk_varchar, pk_char)) ENGINE=rocksdb;
INSERT INTO t_gbk VALUES('a ', 'a ', 'a ', 'a ');
INSERT INTO t_gbk VALUES ('a', 'a', 'a', 'a');
ERROR 23000: Duplicate entry 'a-a' for key 't_gbk.PRIMARY'
INSERT INTO t_gbk VALUES('b  ', 'b  ', 'b  ', 'b  ');;
INSERT INTO t_gbk VALUES('b', 'b', 'b', 'b');
ERROR 23000: Duplicate entry 'b-b' for key 't_gbk.PRIMARY'
INSERT INTO t_gbk VALUES('a\t', 'a\t', 'a\t', 'a\t');
INSERT INTO t_gbk VALUES('a \t', 'a \t', 'a \t', 'a \t');
# Try longer values
INSERT INTO t_gbk VALUES(concat('a', repeat(' ',10)), concat('a', repeat(' ',10)), concat('a', repeat(' ',10)), concat('a', repeat(' ',10)));
ERROR 23000: Duplicate entry 'a          -a' for key 't_gbk.PRIMARY'
INSERT INTO t_gbk VALUES(concat('c', repeat(' ',10)), concat('c', repeat(' ',10)), concat('c', repeat(' ',10)), concat('c', repeat(' ',10)));
SELECT pk_varchar, length(pk_varchar), hex(pk_varchar), pk_char, length(pk_char), hex(pk_char), d_varchar, length(d_varchar), hex(d_varchar), d_char, length(d_char), hex(d_char) FROM t_gbk;
pk_varchar	length(pk_varchar)	hex(pk_varchar)	pk_char	length(pk_char)	hex(pk_char)	d_varchar	length(d_varchar)	hex(d_varchar)	d_char	length(d_char)	hex(d_char)
a		2	6109	a		2	6109	a		2	6109	a		2	6109
a 		3	612009	a 		3	612009	a 		3	612009	a 		3	612009
a 	2	6120	a	1	61	a 	2	6120	a	1	61
b  	3	622020	b	1	62	b  	3	622020	b	1	62
c          	11	6320202020202020202020	c	1	63	c          	11	6320202020202020202020	c	1	63
DROP TABLE t_gbk;
# Testing character set geostd8 collation geostd8_bin
CREATE TABLE t_geostd8 (pk_varchar VARCHAR(64) CHARACTER SET geostd8 COLLATE geostd8_bin, pk_char CHAR(64) CHARACTER SET geostd8 COLLATE geostd8_bin, d_varchar VARCHAR(64) CHARACTER SET geostd8 COLLATE geostd8_bin, d_char CHAR(64), PRIMARY KEY(pk_varchar, pk_char)) ENGINE=rocksdb;
INSERT INTO t_geostd8 VALUES('a ', 'a ', 'a ', 'a ');
INSERT INTO t_geostd8 VALUES ('a', 'a', 'a', 'a');
ERROR 23000: Duplicate entry 'a-a' for key 't_geostd8.PRIMARY'
INSERT INTO t_geostd8 VALUES('b  ', 'b  ', 'b  ', 'b  ');;
INSERT INTO t_geostd8 VALUES('b', 'b', 'b', 'b');
ERROR 23000: Duplicate entry 'b-b' for key 't_geostd8.PRIMARY'
INSERT INTO t_geostd8 VALUES('a\t', 'a\t', 'a\t', 'a\t');
INSERT INTO t_geostd8 VALUES('a \t', 'a \t', 'a \t', 'a \t');
# Try longer values
INSERT INTO t_geostd8 VALUES(concat('a', repeat(' ',10)), concat('a', repeat(' ',10)), concat('a', repeat(' ',10)), concat('a', repeat(' ',10)));
ERROR 23000: Duplicate entry 'a          -a' for key 't_geostd8.PRIMARY'
INSERT INTO t_geostd8 VALUES(concat('c', repeat(' ',10)), concat('c', repeat(' ',10)), concat('c', repeat(' ',10)), concat('c', repeat(' ',10)));
SELECT pk_varchar, length(pk_varchar), hex(pk_varchar), pk_char, length(pk_char), hex(pk_char), d_varchar, length(d_varchar), hex(d_varchar), d_char, length(d_char), hex(d_char) FROM t_geostd8;
pk_varchar	length(pk_varchar)	hex(pk_varchar)	pk_char	length(pk_char)	hex(pk_char)	d_varchar	length(d_varchar)	hex(d_varchar)	d_char	length(d_char)	hex(d_char)
a		2	6109	a		2	6109	a		2	6109	a		2	6109
a 		3	612009	a 		3	612009	a 		3	612009	a 		3	612009
a 	2	6120	a	1	61	a 	2	6120	a	1	61
b  	3	622020	b	1	62	b  	3	622020	b	1	62
c          	11	6320202020202020202020	c	1	63	c          	11	6320202020202020202020	c	1	63
DROP TABLE t_geostd8;
# Testing character set greek collation greek_bin
CREATE TABLE t_greek (pk_varchar VARCHAR(64) CHARACTER SET greek COLLATE greek_bin, pk_char CHAR(64) CHARACTER SET greek COLLATE greek_bin, d_varchar VARCHAR(64) CHARACTER SET greek COLLATE greek_bin, d_char CHAR(64), PRIMARY KEY(pk_varchar, pk_char)) ENGINE=rocksdb;
INSERT INTO t_greek VALUES('a ', 'a ', 'a ', 'a ');
INSERT INTO t_greek VALUES ('a', 'a', 'a', 'a');
ERROR 23000: Duplicate entry 'a-a' for key 't_greek.PRIMARY'
INSERT INTO t_greek VALUES('b  ', 'b  ', 'b  ', 'b  ');;
INSERT INTO t_greek VALUES('b', 'b', 'b', 'b');
ERROR 23000: Duplicate entry 'b-b' for key 't_greek.PRIMARY'
INSERT INTO t_greek VALUES('a\t', 'a\t', 'a\t', 'a\t');
INSERT INTO t_greek VALUES('a \t', 'a \t', 'a \t', 'a \t');
# Try longer values
INSERT INTO t_greek VALUES(concat('a', repeat(' ',10)), concat('a', repeat(' ',10)), concat('a', repeat(' ',10)), concat('a', repeat(' ',10)));
ERROR 23000: Duplicate entry 'a          -a' for key 't_greek.PRIMARY'
INSERT INTO t_greek VALUES(concat('c', repeat(' ',10)), concat('c', repeat(' ',10)), concat('c', repeat(' ',10)), concat('c', repeat(' ',10)));
SELECT pk_varchar, length(pk_varchar), hex(pk_varchar), pk_char, length(pk_char), hex(pk_char), d_varchar, length(d_varchar), hex(d_varchar), d_char, length(d_char), hex(d_char) FROM t_greek;
pk_varchar	length(pk_varchar)	hex(pk_varchar)	pk_char	length(pk_char)	hex(pk_char)	d_varchar	length(d_varchar)	hex(d_varchar)	d_char	length(d_char)	hex(d_char)
a		2	6109	a		2	6109	a		2	6109	a		2	6109
a 		3	612009	a 		3	612009	a 		3	612009	a 		3	612009
a 	2	6120	a	1	61	a 	2	6120	a	1	61
b  	3	622020	b	1	62	b  	3	622020	b	1	62
c          	11	6320202020202020202020	c	1	63	c          	11	6320202020202020202020	c	1	63
DROP TABLE t_greek;
# Testing character set hebrew collation hebrew_bin
CREATE TABLE t_hebrew (pk_varchar VARCHAR(64) CHARACTER SET hebrew COLLATE hebrew_bin, pk_char CHAR(64) CHARACTER SET hebrew COLLATE hebrew_bin, d_varchar VARCHAR(64) CHARACTER SET hebrew COLLATE hebrew_bin, d_char CHAR(64), PRIMARY KEY(pk_varchar, pk_char)) ENGINE=rocksdb;
INSERT INTO t_hebrew VALUES('a ', 'a ', 'a ', 'a ');
INSERT INTO t_hebrew VALUES ('a', 'a', 'a', 'a');
ERROR 23000: Duplicate entry 'a-a' for key 't_hebrew.PRIMARY'
INSERT INTO t_hebrew VALUES('b  ', 'b  ', 'b  ', 'b  ');;
INSERT INTO t_hebrew VALUES('b', 'b', 'b', 'b');
ERROR 23000: Duplicate entry 'b-b' for key 't_hebrew.PRIMARY'
INSERT INTO t_hebrew VALUES('a\t', 'a\t', 'a\t', 'a\t');
INSERT INTO t_hebrew VALUES('a \t', 'a \t', 'a \t', 'a \t');
# Try longer values
INSERT INTO t_hebrew VALUES(concat('a', repeat(' ',10)), concat('a', repeat(' ',10)), concat('a', repeat(' ',10)), concat('a', repeat(' ',10)));
ERROR 23000: Duplicate entry 'a          -a' for key 't_hebrew.PRIMARY'
INSERT INTO t_hebrew VALUES(concat('c', repeat(' ',10)), concat('c', repeat(' ',10)), concat('c', repeat(' ',10)), concat('c', repeat(' ',10)));
SELECT pk_varchar, length(pk_varchar), hex(pk_varchar), pk_char, length(pk_char), hex(pk_char), d_varchar, length(d_varchar), hex(d_varchar), d_char, length(d_char), hex(d_char) FROM t_hebrew;
pk_varchar	length(pk_varchar)	hex(pk_varchar)	pk_char	length(pk_char)	hex(pk_char)	d_varchar	length(d_varchar)	hex(d_varchar)	d_char	length(d_char)	hex(d_char)
a		2	6109	a		2	6109	a		2	6109	a		2	6109
a 		3	612009	a 		3	612009	a 		3	612009	a 		3	612009
a 	2	6120	a	1	61	a 	2	6120	a	1	61
b  	3	622020	b	1	62	b  	3	622020	b	1	62
c          	11	6320202020202020202020	c	1	63	c          	11	6320202020202020202020	c	1	63
DROP TABLE t_hebrew;
# Testing character set hp8 collation hp8_bin
CREATE TABLE t_hp8 (pk_varchar VARCHAR(64) CHARACTER SET hp8 COLLATE hp8_bin, pk_char CHAR(64) CHARACTER SET hp8 COLLATE hp8_bin, d_varchar VARCHAR(64) CHARACTER SET hp8 COLLATE hp8_bin, d_char CHAR(64), PRIMARY KEY(pk_varchar, pk_char)) ENGINE=rocksdb;
INSERT INTO t_hp8 VALUES('a ', 'a ', 'a ', 'a ');
INSERT INTO t_hp8 VALUES ('a', 'a', 'a', 'a');
ERROR 23000: Duplicate entry 'a-a' for key 't_hp8.PRIMARY'
INSERT INTO t_hp8 VALUES('b  ', 'b  ', 'b  ', 'b  ');;
INSERT INTO t_hp8 VALUES('b', 'b', 'b', 'b');
ERROR 23000: Duplicate entry 'b-b' for key 't_hp8.PRIMARY'
INSERT INTO t_hp8 VALUES('a\t', 'a\t', 'a\t', 'a\t');
INSERT INTO t_hp8 VALUES('a \t', 'a \t', 'a \t', 'a \t');
# Try longer values
INSERT INTO t_hp8 VALUES(concat('a', repeat(' ',10)), concat('a', repeat(' ',10)), concat('a', repeat(' ',10)), concat('a', repeat(' ',10)));
ERROR 23000: Duplicate entry 'a          -a' for key 't_hp8.PRIMARY'
INSERT INTO t_hp8 VALUES(concat('c', repeat(' ',10)), concat('c', repeat(' ',10)), concat('c', repeat(' ',10)), concat('c', repeat(' ',10)));
SELECT pk_varchar, length(pk_varchar), hex(pk_varchar), pk_char, length(pk_char), hex(pk_char), d_varchar, length(d_varchar), hex(d_varchar), d_char, length(d_char), hex(d_char) FROM t_hp8;
pk_varchar	length(pk_varchar)	hex(pk_varchar)	pk_char	length(pk_char)	hex(pk_char)	d_varchar	length(d_varchar)	hex(d_varchar)	d_char	length(d_char)	hex(d_char)
a		2	6109	a		2	6109	a		2	6109	a		2	6109
a 		3	612009	a 		3	612009	a 		3	612009	a 		3	612009
a 	2	6120	a	1	61	a 	2	6120	a	1	61
b  	3	622020	b	1	62	b  	3	622020	b	1	62
c          	11	6320202020202020202020	c	1	63	c          	11	6320202020202020202020	c	1	63
DROP TABLE t_hp8;
# Testing character set keybcs2 collation keybcs2_bin
CREATE TABLE t_keybcs2 (pk_varchar VARCHAR(64) CHARACTER SET keybcs2 COLLATE keybcs2_bin, pk_char CHAR(64) CHARACTER SET keybcs2 COLLATE keybcs2_bin, d_varchar VARCHAR(64) CHARACTER SET keybcs2 COLLATE keybcs2_bin, d_char CHAR(64), PRIMARY KEY(pk_varchar, pk_char)) ENGINE=rocksdb;
INSERT INTO t_keybcs2 VALUES('a ', 'a ', 'a ', 'a ');
INSERT INTO t_keybcs2 VALUES ('a', 'a', 'a', 'a');
ERROR 23000: Duplicate entry 'a-a' for key 't_keybcs2.PRIMARY'
INSERT INTO t_keybcs2 VALUES('b  ', 'b  ', 'b  ', 'b  ');;
INSERT INTO t_keybcs2 VALUES('b', 'b', 'b', 'b');
ERROR 23000: Duplicate entry 'b-b' for key 't_keybcs2.PRIMARY'
INSERT INTO t_keybcs2 VALUES('a\t', 'a\t', 'a\t', 'a\t');
INSERT INTO t_keybcs2 VALUES('a \t', 'a \t', 'a \t', 'a \t');
# Try longer values
INSERT INTO t_keybcs2 VALUES(concat('a', repeat(' ',10)), concat('a', repeat(' ',10)), concat('a', repeat(' ',10)), concat('a', repeat(' ',10)));
ERROR 23000: Duplicate entry 'a          -a' for key 't_keybcs2.PRIMARY'
INSERT INTO t_keybcs2 VALUES(concat('c', repeat(' ',10)), concat('c', repeat(' ',10)), concat('c', repeat(' ',10)), concat('c', repeat(' ',10)));
SELECT pk_varchar, length(pk_varchar), hex(pk_varchar), pk_char, length(pk_char), hex(pk_char), d_varchar, length(d_varchar), hex(d_varchar), d_char, length(d_char), hex(d_char) FROM t_keybcs2;
pk_varchar	length(pk_varchar)	hex(pk_varchar)	pk_char	length(pk_char)	hex(pk_char)	d_varchar	length(d_varchar)	hex(d_varchar)	d_char	length(d_char)	hex(d_char)
a		2	6109	a		2	6109	a		2	6109	a		2	6109
a 		3	612009	a 		3	612009	a 		3	612009	a 		3	612009
a 	2	6120	a	1	61	a 	2	6120	a	1	61
b  	3	622020	b	1	62	b  	3	622020	b	1	62
c          	11	6320202020202020202020	c	1	63	c          	11	6320202020202020202020	c	1	63
DROP TABLE t_keybcs2;
# Testing character set koi8r collation koi8r_bin
CREATE TABLE t_koi8r (pk_varchar VARCHAR(64) CHARACTER SET koi8r COLLATE koi8r_bin, pk_char CHAR(64) CHARACTER SET koi8r COLLATE koi8r_bin, d_varchar VARCHAR(64) CHARACTER SET koi8r COLLATE koi8r_bin, d_char CHAR(64), PRIMARY KEY(pk_varchar, pk_char)) ENGINE=rocksdb;
INSERT INTO t_koi8r VALUES('a ', 'a ', 'a ', 'a ');
INSERT INTO t_koi8r VALUES ('a', 'a', 'a', 'a');
ERROR 23000: Duplicate entry 'a-a' for key 't_koi8r.PRIMARY'
INSERT INTO t_koi8r VALUES('b  ', 'b  ', 'b  ', 'b  ');;
INSERT INTO t_koi8r VALUES('b', 'b', 'b', 'b');
ERROR 23000: Duplicate entry 'b-b' for key 't_koi8r.PRIMARY'
INSERT INTO t_koi8r VALUES('a\t', 'a\t', 'a\t', 'a\t');
INSERT INTO t_koi8r VALUES('a \t', 'a \t', 'a \t', 'a \t');
# Try longer values
INSERT INTO t_koi8r VALUES(concat('a', repeat(' ',10)), concat('a', repeat(' ',10)), concat('a', repeat(' ',10)), concat('a', repeat(' ',10)));
ERROR 23000: Duplicate entry 'a          -a' for key 't_koi8r.PRIMARY'
INSERT INTO t_koi8r VALUES(concat('c', repeat(' ',10)), concat('c', repeat(' ',10)), concat('c', repeat(' ',10)), concat('c', repeat(' ',10)));
SELECT pk_varchar, length(pk_varchar), hex(pk_varchar), pk_char, length(pk_char), hex(pk_char), d_varchar, length(d_varchar), hex(d_varchar), d_char, length(d_char), hex(d_char) FROM t_koi8r;
pk_varchar	length(pk_varchar)	hex(pk_varchar)	pk_char	length(pk_char)	hex(pk_char)	d_varchar	length(d_varchar)	hex(d_varchar)	d_char	length(d_char)	hex(d_char)
a		2	6109	a		2	6109	a		2	6109	a		2	6109
a 		3	612009	a 		3	612009	a 		3	612009	a 		3	612009
a 	2	6120	a	1	61	a 	2	6120	a	1	61
b  	3	622020	b	1	62	b  	3	622020	b	1	62
c          	11	6320202020202020202020	c	1	63	c          	11	6320202020202020202020	c	1	63
DROP TABLE t_koi8r;
# Testing character set koi8u collation koi8u_bin
CREATE TABLE t_koi8u (pk_varchar VARCHAR(64) CHARACTER SET koi8u COLLATE koi8u_bin, pk_char CHAR(64) CHARACTER SET koi8u COLLATE koi8u_bin, d_varchar VARCHAR(64) CHARACTER SET koi8u COLLATE koi8u_bin, d_char CHAR(64), PRIMARY KEY(pk_varchar, pk_char)) ENGINE=rocksdb;
INSERT INTO t_koi8u VALUES('a ', 'a ', 'a ', 'a ');
INSERT INTO t_koi8u VALUES ('a', 'a', 'a', 'a');
ERROR 23000: Duplicate entry 'a-a' for key 't_koi8u.PRIMARY'
INSERT INTO t_koi8u VALUES('b  ', 'b  ', 'b  ', 'b  ');;
INSERT INTO t_koi8u VALUES('b', 'b', 'b', 'b');
ERROR 23000: Duplicate entry 'b-b' for key 't_koi8u.PRIMARY'
INSERT INTO t_koi8u VALUES('a\t', 'a\t', 'a\t', 'a\t');
INSERT INTO t_koi8u VALUES('a \t', 'a \t', 'a \t', 'a \t');
# Try longer values
INSERT INTO t_koi8u VALUES(concat('a', repeat(' ',10)), concat('a', repeat(' ',10)), concat('a', repeat(' ',10)), concat('a', repeat(' ',10)));
ERROR 23000: Duplicate entry 'a          -a' for key 't_koi8u.PRIMARY'
INSERT INTO t_koi8u VALUES(concat('c', repeat(' ',10)), concat('c', repeat(' ',10)), concat('c', repeat(' ',10)), concat('c', repeat(' ',10)));
SELECT pk_varchar, length(pk_varchar), hex(pk_varchar), pk_char, length(pk_char), hex(pk_char), d_varchar, length(d_varchar), hex(d_varchar), d_char, length(d_char), hex(d_char) FROM t_koi8u;
pk_varchar	length(pk_varchar)	hex(pk_varchar)	pk_char	length(pk_char)	hex(pk_char)	d_varchar	length(d_varchar)	hex(d_varchar)	d_char	length(d_char)	hex(d_char)
a		2	6109	a		2	6109	a		2	6109	a		2	6109
a 		3	612009	a 		3	612009	a 		3	612009	a 		3	612009
a 	2	6120	a	1	61	a 	2	6120	a	1	61
b  	3	622020	b	1	62	b  	3	622020	b	1	62
c          	11	6320202020202020202020	c	1	63	c          	11	6320202020202020202020	c	1	63
DROP TABLE t_koi8u;
# Testing character set latin1 collation latin1_bin
CREATE TABLE t_latin1 (pk_varchar VARCHAR(64) CHARACTER SET latin1 COLLATE latin1_bin, pk_char CHAR(64) CHARACTER SET latin1 COLLATE latin1_bin, d_varchar VARCHAR(64) CHARACTER SET latin1 COLLATE latin1_bin, d_char CHAR(64), PRIMARY KEY(pk_varchar, pk_char)) ENGINE=rocksdb;
INSERT INTO t_latin1 VALUES('a ', 'a ', 'a ', 'a ');
INSERT INTO t_latin1 VALUES ('a', 'a', 'a', 'a');
ERROR 23000: Duplicate entry 'a-a' for key 't_latin1.PRIMARY'
INSERT INTO t_latin1 VALUES('b  ', 'b  ', 'b  ', 'b  ');;
INSERT INTO t_latin1 VALUES('b', 'b', 'b', 'b');
ERROR 23000: Duplicate entry 'b-b' for key 't_latin1.PRIMARY'
INSERT INTO t_latin1 VALUES('a\t', 'a\t', 'a\t', 'a\t');
INSERT INTO t_latin1 VALUES('a \t', 'a \t', 'a \t', 'a \t');
# Try longer values
INSERT INTO t_latin1 VALUES(concat('a', repeat(' ',10)), concat('a', repeat(' ',10)), concat('a', repeat(' ',10)), concat('a', repeat(' ',10)));
ERROR 23000: Duplicate entry 'a          -a' for key 't_latin1.PRIMARY'
INSERT INTO t_latin1 VALUES(concat('c', repeat(' ',10)), concat('c', repeat(' ',10)), concat('c', repeat(' ',10)), concat('c', repeat(' ',10)));
SELECT pk_varchar, length(pk_varchar), hex(pk_varchar), pk_char, length(pk_char), hex(pk_char), d_varchar, length(d_varchar), hex(d_varchar), d_char, length(d_char), hex(d_char) FROM t_latin1;
pk_varchar	length(pk_varchar)	hex(pk_varchar)	pk_char	length(pk_char)	hex(pk_char)	d_varchar	length(d_varchar)	hex(d_varchar)	d_char	length(d_char)	hex(d_char)
a		2	6109	a		2	6109	a		2	6109	a		2	6109
a 		3	612009	a 		3	612009	a 		3	612009	a 		3	612009
a 	2	6120	a	1	61	a 	2	6120	a	1	61
b  	3	622020	b	1	62	b  	3	622020	b	1	62
c          	11	6320202020202020202020	c	1	63	c          	11	6320202020202020202020	c	1	63
DROP TABLE t_latin1;
# Testing character set latin2 collation latin2_bin
CREATE TABLE t_latin2 (pk_varchar VARCHAR(64) CHARACTER SET latin2 COLLATE latin2_bin, pk_char CHAR(64) CHARACTER SET latin2 COLLATE latin2_bin, d_varchar VARCHAR(64) CHARACTER SET latin2 COLLATE latin2_bin, d_char CHAR(64), PRIMARY KEY(pk_varchar, pk_char)) ENGINE=rocksdb;
INSERT INTO t_latin2 VALUES('a ', 'a ', 'a ', 'a ');
INSERT INTO t_latin2 VALUES ('a', 'a', 'a', 'a');
ERROR 23000: Duplicate entry 'a-a' for key 't_latin2.PRIMARY'
INSERT INTO t_latin2 VALUES('b  ', 'b  ', 'b  ', 'b  ');;
INSERT INTO t_latin2 VALUES('b', 'b', 'b', 'b');
ERROR 23000: Duplicate entry 'b-b' for key 't_latin2.PRIMARY'
INSERT INTO t_latin2 VALUES('a\t', 'a\t', 'a\t', 'a\t');
INSERT INTO t_latin2 VALUES('a \t', 'a \t', 'a \t', 'a \t');
# Try longer values
INSERT INTO t_latin2 VALUES(concat('a', repeat(' ',10)), concat('a', repeat(' ',10)), concat('a', repeat(' ',10)), concat('a', repeat(' ',10)));
ERROR 23000: Duplicate entry 'a          -a' for key 't_latin2.PRIMARY'
INSERT INTO t_latin2 VALUES(concat('c', repeat(' ',10)), concat('c', repeat(' ',10)), concat('c', repeat(' ',10)), concat('c', repeat(' ',10)));
SELECT pk_varchar, length(pk_varchar), hex(pk_varchar), pk_char, length(pk_char), hex(pk_char), d_varchar, length(d_varchar), hex(d_varchar), d_char, length(d_char), hex(d_char) FROM t_latin2;
pk_varchar	length(pk_varchar)	hex(pk_varchar)	pk_char	length(pk_char)	hex(pk_char)	d_varchar	length(d_varchar)	hex(d_varchar)	d_char	length(d_char)	hex(d_char)
a		2	6109	a		2	6109	a		2	6109	a		2	6109
a 		3	612009	a 		3	612009	a 		3	612009	a 		3	612009
a 	2	6120	a	1	61	a 	2	6120	a	1	61
b  	3	622020	b	1	62	b  	3	622020	b	1	62
c          	11	6320202020202020202020	c	1	63	c          	11	6320202020202020202020	c	1	63
DROP TABLE t_latin2;
# Testing character set latin5 collation latin5_bin
CREATE TABLE t_latin5 (pk_varchar VARCHAR(64) CHARACTER SET latin5 COLLATE latin5_bin, pk_char CHAR(64) CHARACTER SET latin5 COLLATE latin5_bin, d_varchar VARCHAR(64) CHARACTER SET latin5 COLLATE latin5_bin, d_char CHAR(64), PRIMARY KEY(pk_varchar, pk_char)) ENGINE=rocksdb;
INSERT INTO t_latin5 VALUES('a ', 'a ', 'a ', 'a ');
INSERT INTO t_latin5 VALUES ('a', 'a', 'a', 'a');
ERROR 23000: Duplicate entry 'a-a' for key 't_latin5.PRIMARY'
INSERT INTO t_latin5 VALUES('b  ', 'b  ', 'b  ', 'b  ');;
INSERT INTO t_latin5 VALUES('b', 'b', 'b', 'b');
ERROR 23000: Duplicate entry 'b-b' for key 't_latin5.PRIMARY'
INSERT INTO t_latin5 VALUES('a\t', 'a\t', 'a\t', 'a\t');
INSERT INTO t_latin5 VALUES('a \t', 'a \t', 'a \t', 'a \t');
# Try longer values
INSERT INTO t_latin5 VALUES(concat('a', repeat(' ',10)), concat('a', repeat(' ',10)), concat('a', repeat(' ',10)), concat('a', repeat(' ',10)));
ERROR 23000: Duplicate entry 'a          -a' for key 't_latin5.PRIMARY'
INSERT INTO t_latin5 VALUES(concat('c', repeat(' ',10)), concat('c', repeat(' ',10)), concat('c', repeat(' ',10)), concat('c', repeat(' ',10)));
SELECT pk_varchar, length(pk_varchar), hex(pk_varchar), pk_char, length(pk_char), hex(pk_char), d_varchar, length(d_varchar), hex(d_varchar), d_char, length(d_char), hex(d_char) FROM t_latin5;
pk_varchar	length(pk_varchar)	hex(pk_varchar)	pk_char	length(pk_char)	hex(pk_char)	d_varchar	length(d_varchar)	hex(d_varchar)	d_char	length(d_char)	hex(d_char)
a		2	6109	a		2	6109	a		2	6109	a		2	6109
a 		3	612009	a 		3	612009	a 		3	612009	a 		3	612009
a 	2	6120	a	1	61	a 	2	6120	a	1	61
b  	3	622020	b	1	62	b  	3	622020	b	1	62
c          	11	6320202020202020202020	c	1	63	c          	11	6320202020202020202020	c	1	63
DROP TABLE t_latin5;
# Testing character set latin7 collation latin7_bin
CREATE TABLE t_latin7 (pk_varchar VARCHAR(64) CHARACTER SET latin7 COLLATE latin7_bin, pk_char CHAR(64) CHARACTER SET latin7 COLLATE latin7_bin, d_varchar VARCHAR(64) CHARACTER SET latin7 COLLATE latin7_bin, d_char CHAR(64), PRIMARY KEY(pk_varchar, pk_char)) ENGINE=rocksdb;
INSERT INTO t_latin7 VALUES('a ', 'a ', 'a ', 'a ');
INSERT INTO t_latin7 VALUES ('a', 'a', 'a', 'a');
ERROR 23000: Duplicate entry 'a-a' for key 't_latin7.PRIMARY'
INSERT INTO t_latin7 VALUES('b  ', 'b  ', 'b  ', 'b  ');;
INSERT INTO t_latin7 VALUES('b', 'b', 'b', 'b');
ERROR 23000: Duplicate entry 'b-b' for key 't_latin7.PRIMARY'
INSERT INTO t_latin7 VALUES('a\t', 'a\t', 'a\t', 'a\t');
INSERT INTO t_latin7 VALUES('a \t', 'a \t', 'a \t', 'a \t');
# Try longer values
INSERT INTO t_latin7 VALUES(concat('a', repeat(' ',10)), concat('a', repeat(' ',10)), concat('a', repeat(' ',10)), concat('a', repeat(' ',10)));
ERROR 23000: Duplicate entry 'a          -a' for key 't_latin7.PRIMARY'
INSERT INTO t_latin7 VALUES(concat('c', repeat(' ',10)), concat('c', repeat(' ',10)), concat('c', repeat(' ',10)), concat('c', repeat(' ',10)));
SELECT pk_varchar, length(pk_varchar), hex(pk_varchar), pk_char, length(pk_char), hex(pk_char), d_varchar, length(d_varchar), hex(d_varchar), d_char, length(d_char), hex(d_char) FROM t_latin7;
pk_varchar	length(pk_varchar)	hex(pk_varchar)	pk_char	length(pk_char)	hex(pk_char)	d_varchar	length(d_varchar)	hex(d_varchar)	d_char	length(d_char)	hex(d_char)
a		2	6109	a		2	6109	a		2	6109	a		2	6109
a 		3	612009	a 		3	612009	a 		3	612009	a 		3	612009
a 	2	6120	a	1	61	a 	2	6120	a	1	61
b  	3	622020	b	1	62	b  	3	622020	b	1	62
c          	11	6320202020202020202020	c	1	63	c          	11	6320202020202020202020	c	1	63
DROP TABLE t_latin7;
# Testing character set macce collation macce_bin
CREATE TABLE t_macce (pk_varchar VARCHAR(64) CHARACTER SET macce COLLATE macce_bin, pk_char CHAR(64) CHARACTER SET macce COLLATE macce_bin, d_varchar VARCHAR(64) CHARACTER SET macce COLLATE macce_bin, d_char CHAR(64), PRIMARY KEY(pk_varchar, pk_char)) ENGINE=rocksdb;
INSERT INTO t_macce VALUES('a ', 'a ', 'a ', 'a ');
INSERT INTO t_macce VALUES ('a', 'a', 'a', 'a');
ERROR 23000: Duplicate entry 'a-a' for key 't_macce.PRIMARY'
INSERT INTO t_macce VALUES('b  ', 'b  ', 'b  ', 'b  ');;
INSERT INTO t_macce VALUES('b', 'b', 'b', 'b');
ERROR 23000: Duplicate entry 'b-b' for key 't_macce.PRIMARY'
INSERT INTO t_macce VALUES('a\t', 'a\t', 'a\t', 'a\t');
INSERT INTO t_macce VALUES('a \t', 'a \t', 'a \t', 'a \t');
# Try longer values
INSERT INTO t_macce VALUES(concat('a', repeat(' ',10)), concat('a', repeat(' ',10)), concat('a', repeat(' ',10)), concat('a', repeat(' ',10)));
ERROR 23000: Duplicate entry 'a          -a' for key 't_macce.PRIMARY'
INSERT INTO t_macce VALUES(concat('c', repeat(' ',10)), concat('c', repeat(' ',10)), concat('c', repeat(' ',10)), concat('c', repeat(' ',10)));
SELECT pk_varchar, length(pk_varchar), hex(pk_varchar), pk_char, length(pk_char), hex(pk_char), d_varchar, length(d_varchar), hex(d_varchar), d_char, length(d_char), hex(d_char) FROM t_macce;
pk_varchar	length(pk_varchar)	hex(pk_varchar)	pk_char	length(pk_char)	hex(pk_char)	d_varchar	length(d_varchar)	hex(d_varchar)	d_char	length(d_char)	hex(d_char)
a		2	6109	a		2	6109	a		2	6109	a		2	6109
a 		3	612009	a 		3	612009	a 		3	612009	a 		3	612009
a 	2	6120	a	1	61	a 	2	6120	a	1	61
b  	3	622020	b	1	62	b  	3	622020	b	1	62
c          	11	6320202020202020202020	c	1	63	c          	11	6320202020202020202020	c	1	63
DROP TABLE t_macce;
# Testing character set macroman collation macroman_bin
CREATE TABLE t_macroman (pk_varchar VARCHAR(64) CHARACTER SET macroman COLLATE macroman_bin, pk_char CHAR(64) CHARACTER SET macroman COLLATE macroman_bin, d_varchar VARCHAR(64) CHARACTER SET macroman COLLATE macroman_bin, d_char CHAR(64), PRIMARY KEY(pk_varchar, pk_char)) ENGINE=rocksdb;
INSERT INTO t_macroman VALUES('a ', 'a ', 'a ', 'a ');
INSERT INTO t_macroman VALUES ('a', 'a', 'a', 'a');
ERROR 23000: Duplicate entry 'a-a' for key 't_macroman.PRIMARY'
INSERT INTO t_macroman VALUES('b  ', 'b  ', 'b  ', 'b  ');;
INSERT INTO t_macroman VALUES('b', 'b', 'b', 'b');
ERROR 23000: Duplicate entry 'b-b' for key 't_macroman.PRIMARY'
INSERT INTO t_macroman VALUES('a\t', 'a\t', 'a\t', 'a\t');
INSERT INTO t_macroman VALUES('a \t', 'a \t', 'a \t', 'a \t');
# Try longer values
INSERT INTO t_macroman VALUES(concat('a', repeat(' ',10)), concat('a', repeat(' ',10)), concat('a', repeat(' ',10)), concat('a', repeat(' ',10)));
ERROR 23000: Duplicate entry 'a          -a' for key 't_macroman.PRIMARY'
INSERT INTO t_macroman VALUES(concat('c', repeat(' ',10)), concat('c', repeat(' ',10)), concat('c', repeat(' ',10)), concat('c', repeat(' ',10)));
SELECT pk_varchar, length(pk_varchar), hex(pk_varchar), pk_char, length(pk_char), hex(pk_char), d_varchar, length(d_varchar), hex(d_varchar), d_char, length(d_char), hex(d_char) FROM t_macroman;
pk_varchar	length(pk_varchar)	hex(pk_varchar)	pk_char	length(pk_char)	hex(pk_char)	d_varchar	length(d_varchar)	hex(d_varchar)	d_char	length(d_char)	hex(d_char)
a		2	6109	a		2	6109	a		2	6109	a		2	6109
a 		3	612009	a 		3	612009	a 		3	612009	a 		3	612009
a 	2	6120	a	1	61	a 	2	6120	a	1	61
b  	3	622020	b	1	62	b  	3	622020	b	1	62
c          	11	6320202020202020202020	c	1	63	c          	11	6320202020202020202020	c	1	63
DROP TABLE t_macroman;
# Testing character set sjis collation sjis_bin
CREATE TABLE t_sjis (pk_varchar VARCHAR(64) CHARACTER SET sjis COLLATE sjis_bin, pk_char CHAR(64) CHARACTER SET sjis COLLATE sjis_bin, d_varchar VARCHAR(64) CHARACTER SET sjis COLLATE sjis_bin, d_char CHAR(64), PRIMARY KEY(pk_varchar, pk_char)) ENGINE=rocksdb;
INSERT INTO t_sjis VALUES('a ', 'a ', 'a ', 'a ');
INSERT INTO t_sjis VALUES ('a', 'a', 'a', 'a');
ERROR 23000: Duplicate entry 'a-a' for key 't_sjis.PRIMARY'
INSERT INTO t_sjis VALUES('b  ', 'b  ', 'b  ', 'b  ');;
INSERT INTO t_sjis VALUES('b', 'b', 'b', 'b');
ERROR 23000: Duplicate entry 'b-b' for key 't_sjis.PRIMARY'
INSERT INTO t_sjis VALUES('a\t', 'a\t', 'a\t', 'a\t');
INSERT INTO t_sjis VALUES('a \t', 'a \t', 'a \t', 'a \t');
# Try longer values
INSERT INTO t_sjis VALUES(concat('a', repeat(' ',10)), concat('a', repeat(' ',10)), concat('a', repeat(' ',10)), concat('a', repeat(' ',10)));
ERROR 23000: Duplicate entry 'a          -a' for key 't_sjis.PRIMARY'
INSERT INTO t_sjis VALUES(concat('c', repeat(' ',10)), concat('c', repeat(' ',10)), concat('c', repeat(' ',10)), concat('c', repeat(' ',10)));
SELECT pk_varchar, length(pk_varchar), hex(pk_varchar), pk_char, length(pk_char), hex(pk_char), d_varchar, length(d_varchar), hex(d_varchar), d_char, length(d_char), hex(d_char) FROM t_sjis;
pk_varchar	length(pk_varchar)	hex(pk_varchar)	pk_char	length(pk_char)	hex(pk_char)	d_varchar	length(d_varchar)	hex(d_varchar)	d_char	length(d_char)	hex(d_char)
a		2	6109	a		2	6109	a		2	6109	a		2	6109
a 		3	612009	a 		3	612009	a 		3	612009	a 		3	612009
a 	2	6120	a	1	61	a 	2	6120	a	1	61
b  	3	622020	b	1	62	b  	3	622020	b	1	62
c          	11	6320202020202020202020	c	1	63	c          	11	6320202020202020202020	c	1	63
DROP TABLE t_sjis;
# Testing character set swe7 collation swe7_bin
CREATE TABLE t_swe7 (pk_varchar VARCHAR(64) CHARACTER SET swe7 COLLATE swe7_bin, pk_char CHAR(64) CHARACTER SET swe7 COLLATE swe7_bin, d_varchar VARCHAR(64) CHARACTER SET swe7 COLLATE swe7_bin, d_char CHAR(64), PRIMARY KEY(pk_varchar, pk_char)) ENGINE=rocksdb;
INSERT INTO t_swe7 VALUES('a ', 'a ', 'a ', 'a ');
INSERT INTO t_swe7 VALUES ('a', 'a', 'a', 'a');
ERROR 23000: Duplicate entry 'a-a' for key 't_swe7.PRIMARY'
INSERT INTO t_swe7 VALUES('b  ', 'b  ', 'b  ', 'b  ');;
INSERT INTO t_swe7 VALUES('b', 'b', 'b', 'b');
ERROR 23000: Duplicate entry 'b-b' for key 't_swe7.PRIMARY'
INSERT INTO t_swe7 VALUES('a\t', 'a\t', 'a\t', 'a\t');
INSERT INTO t_swe7 VALUES('a \t', 'a \t', 'a \t', 'a \t');
# Try longer values
INSERT INTO t_swe7 VALUES(concat('a', repeat(' ',10)), concat('a', repeat(' ',10)), concat('a', repeat(' ',10)), concat('a', repeat(' ',10)));
ERROR 23000: Duplicate entry 'a          -a' for key 't_swe7.PRIMARY'
INSERT INTO t_swe7 VALUES(concat('c', repeat(' ',10)), concat('c', repeat(' ',10)), concat('c', repeat(' ',10)), concat('c', repeat(' ',10)));
SELECT pk_varchar, length(pk_varchar), hex(pk_varchar), pk_char, length(pk_char), hex(pk_char), d_varchar, length(d_varchar), hex(d_varchar), d_char, length(d_char), hex(d_char) FROM t_swe7;
pk_varchar	length(pk_varchar)	hex(pk_varchar)	pk_char	length(pk_char)	hex(pk_char)	d_varchar	length(d_varchar)	hex(d_varchar)	d_char	length(d_char)	hex(d_char)
a		2	6109	a		2	6109	a		2	6109	a		2	6109
a 		3	612009	a 		3	612009	a 		3	612009	a 		3	612009
a 	2	6120	a	1	61	a 	2	6120	a	1	61
b  	3	622020	b	1	62	b  	3	622020	b	1	62
c          	11	6320202020202020202020	c	1	63	c          	11	6320202020202020202020	c	1	63
DROP TABLE t_swe7;
# Testing character set tis620 collation tis620_bin
CREATE TABLE t_tis620 (pk_varchar VARCHAR(64) CHARACTER SET tis620 COLLATE tis620_bin, pk_char CHAR(64) CHARACTER SET tis620 COLLATE tis620_bin, d_varchar VARCHAR(64) CHARACTER SET tis620 COLLATE tis620_bin, d_char CHAR(64), PRIMARY KEY(pk_varchar, pk_char)) ENGINE=rocksdb;
INSERT INTO t_tis620 VALUES('a ', 'a ', 'a ', 'a ');
INSERT INTO t_tis620 VALUES ('a', 'a', 'a', 'a');
ERROR 23000: Duplicate entry 'a-a' for key 't_tis620.PRIMARY'
INSERT INTO t_tis620 VALUES('b  ', 'b  ', 'b  ', 'b  ');;
INSERT INTO t_tis620 VALUES('b', 'b', 'b', 'b');
ERROR 23000: Duplicate entry 'b-b' for key 't_tis620.PRIMARY'
INSERT INTO t_tis620 VALUES('a\t', 'a\t', 'a\t', 'a\t');
INSERT INTO t_tis620 VALUES('a \t', 'a \t', 'a \t', 'a \t');
# Try longer values
INSERT INTO t_tis620 VALUES(concat('a', repeat(' ',10)), concat('a', repeat(' ',10)), concat('a', repeat(' ',10)), concat('a', repeat(' ',10)));
ERROR 23000: Duplicate entry 'a          -a' for key 't_tis620.PRIMARY'
INSERT INTO t_tis620 VALUES(concat('c', repeat(' ',10)), concat('c', repeat(' ',10)), concat('c', repeat(' ',10)), concat('c', repeat(' ',10)));
SELECT pk_varchar, length(pk_varchar), hex(pk_varchar), pk_char, length(pk_char), hex(pk_char), d_varchar, length(d_varchar), hex(d_varchar), d_char, length(d_char), hex(d_char) FROM t_tis620;
pk_varchar	length(pk_varchar)	hex(pk_varchar)	pk_char	length(pk_char)	hex(pk_char)	d_varchar	length(d_varchar)	hex(d_varchar)	d_char	length(d_char)	hex(d_char)
a		2	6109	a		2	6109	a		2	6109	a		2	6109
a 		3	612009	a 		3	612009	a 		3	612009	a 		3	612009
a 	2	6120	a	1	61	a 	2	6120	a	1	61
b  	3	622020	b	1	62	b  	3	622020	b	1	62
c          	11	6320202020202020202020	c	1	63	c          	11	6320202020202020202020	c	1	63
DROP TABLE t_tis620;
# Testing character set ucs2 collation ucs2_bin
CREATE TABLE t_ucs2 (pk_varchar VARCHAR(64) CHARACTER SET ucs2 COLLATE ucs2_bin, pk_char CHAR(64) CHARACTER SET ucs2 COLLATE ucs2_bin, d_varchar VARCHAR(64) CHARACTER SET ucs2 COLLATE ucs2_bin, d_char CHAR(64), PRIMARY KEY(pk_varchar, pk_char)) ENGINE=rocksdb;
INSERT INTO t_ucs2 VALUES('a ', 'a ', 'a ', 'a ');
INSERT INTO t_ucs2 VALUES ('a', 'a', 'a', 'a');
ERROR 23000: Duplicate entry 'a-a' for key 't_ucs2.PRIMARY'
INSERT INTO t_ucs2 VALUES('b  ', 'b  ', 'b  ', 'b  ');;
INSERT INTO t_ucs2 VALUES('b', 'b', 'b', 'b');
ERROR 23000: Duplicate entry 'b-b' for key 't_ucs2.PRIMARY'
INSERT INTO t_ucs2 VALUES('a\t', 'a\t', 'a\t', 'a\t');
INSERT INTO t_ucs2 VALUES('a \t', 'a \t', 'a \t', 'a \t');
# Try longer values
INSERT INTO t_ucs2 VALUES(concat('a', repeat(' ',10)), concat('a', repeat(' ',10)), concat('a', repeat(' ',10)), concat('a', repeat(' ',10)));
ERROR 23000: Duplicate entry 'a          -a' for key 't_ucs2.PRIMARY'
INSERT INTO t_ucs2 VALUES(concat('c', repeat(' ',10)), concat('c', repeat(' ',10)), concat('c', repeat(' ',10)), concat('c', repeat(' ',10)));
SELECT pk_varchar, length(pk_varchar), hex(pk_varchar), pk_char, length(pk_char), hex(pk_char), d_varchar, length(d_varchar), hex(d_varchar), d_char, length(d_char), hex(d_char) FROM t_ucs2;
pk_varchar	length(pk_varchar)	hex(pk_varchar)	pk_char	length(pk_char)	hex(pk_char)	d_varchar	length(d_varchar)	hex(d_varchar)	d_char	length(d_char)	hex(d_char)
a		4	00610009	a		4	00610009	a		4	00610009	a		2	6109
a 		6	006100200009	a 		6	006100200009	a 		6	006100200009	a 		3	612009
a 	4	00610020	a	2	0061	a 	4	00610020	a	1	61
b  	6	006200200020	b	2	0062	b  	6	006200200020	b	1	62
c          	22	00630020002000200020002000200020002000200020	c	2	0063	c          	22	00630020002000200020002000200020002000200020	c	1	63
DROP TABLE t_ucs2;
# Testing character set ujis collation ujis_bin
CREATE TABLE t_ujis (pk_varchar VARCHAR(64) CHARACTER SET ujis COLLATE ujis_bin, pk_char CHAR(64) CHARACTER SET ujis COLLATE ujis_bin, d_varchar VARCHAR(64) CHARACTER SET ujis COLLATE ujis_bin, d_char CHAR(64), PRIMARY KEY(pk_varchar, pk_char)) ENGINE=rocksdb;
INSERT INTO t_ujis VALUES('a ', 'a ', 'a ', 'a ');
INSERT INTO t_ujis VALUES ('a', 'a', 'a', 'a');
ERROR 23000: Duplicate entry 'a-a' for key 't_ujis.PRIMARY'
INSERT INTO t_ujis VALUES('b  ', 'b  ', 'b  ', 'b  ');;
INSERT INTO t_ujis VALUES('b', 'b', 'b', 'b');
ERROR 23000: Duplicate entry 'b-b' for key 't_ujis.PRIMARY'
INSERT INTO t_ujis VALUES('a\t', 'a\t', 'a\t', 'a\t');
INSERT INTO t_ujis VALUES('a \t', 'a \t', 'a \t', 'a \t');
# Try longer values
INSERT INTO t_ujis VALUES(concat('a', repeat(' ',10)), concat('a', repeat(' ',10)), concat('a', repeat(' ',10)), concat('a', repeat(' ',10)));
ERROR 23000: Duplicate entry 'a          -a' for key 't_ujis.PRIMARY'
INSERT INTO t_ujis VALUES(concat('c', repeat(' ',10)), concat('c', repeat(' ',10)), concat('c', repeat(' ',10)), concat('c', repeat(' ',10)));
SELECT pk_varchar, length(pk_varchar), hex(pk_varchar), pk_char, length(pk_char), hex(pk_char), d_varchar, length(d_varchar), hex(d_varchar), d_char, length(d_char), hex(d_char) FROM t_ujis;
pk_varchar	length(pk_varchar)	hex(pk_varchar)	pk_char	length(pk_char)	hex(pk_char)	d_varchar	length(d_varchar)	hex(d_varchar)	d_char	length(d_char)	hex(d_char)
a		2	6109	a		2	6109	a		2	6109	a		2	6109
a 		3	612009	a 		3	612009	a 		3	612009	a 		3	612009
a 	2	6120	a	1	61	a 	2	6120	a	1	61
b  	3	622020	b	1	62	b  	3	622020	b	1	62
c          	11	6320202020202020202020	c	1	63	c          	11	6320202020202020202020	c	1	63
DROP TABLE t_ujis;
# Testing character set utf16 collation utf16_bin
CREATE TABLE t_utf16 (pk_varchar VARCHAR(64) CHARACTER SET utf16 COLLATE utf16_bin, pk_char CHAR(64) CHARACTER SET utf16 COLLATE utf16_bin, d_varchar VARCHAR(64) CHARACTER SET utf16 COLLATE utf16_bin, d_char CHAR(64), PRIMARY KEY(pk_varchar, pk_char)) ENGINE=rocksdb;
INSERT INTO t_utf16 VALUES('a ', 'a ', 'a ', 'a ');
INSERT INTO t_utf16 VALUES ('a', 'a', 'a', 'a');
ERROR 23000: Duplicate entry 'a-a' for key 't_utf16.PRIMARY'
INSERT INTO t_utf16 VALUES('b  ', 'b  ', 'b  ', 'b  ');;
INSERT INTO t_utf16 VALUES('b', 'b', 'b', 'b');
ERROR 23000: Duplicate entry 'b-b' for key 't_utf16.PRIMARY'
INSERT INTO t_utf16 VALUES('a\t', 'a\t', 'a\t', 'a\t');
INSERT INTO t_utf16 VALUES('a \t', 'a \t', 'a \t', 'a \t');
# Try longer values
INSERT INTO t_utf16 VALUES(concat('a', repeat(' ',10)), concat('a', repeat(' ',10)), concat('a', repeat(' ',10)), concat('a', repeat(' ',10)));
ERROR 23000: Duplicate entry 'a          -a' for key 't_utf16.PRIMARY'
INSERT INTO t_utf16 VALUES(concat('c', repeat(' ',10)), concat('c', repeat(' ',10)), concat('c', repeat(' ',10)), concat('c', repeat(' ',10)));
SELECT pk_varchar, length(pk_varchar), hex(pk_varchar), pk_char, length(pk_char), hex(pk_char), d_varchar, length(d_varchar), hex(d_varchar), d_char, length(d_char), hex(d_char) FROM t_utf16;
pk_varchar	length(pk_varchar)	hex(pk_varchar)	pk_char	length(pk_char)	hex(pk_char)	d_varchar	length(d_varchar)	hex(d_varchar)	d_char	length(d_char)	hex(d_char)
a		4	00610009	a		4	00610009	a		4	00610009	a		2	6109
a 		6	006100200009	a 		6	006100200009	a 		6	006100200009	a 		3	612009
a 	4	00610020	a	2	0061	a 	4	00610020	a	1	61
b  	6	006200200020	b	2	0062	b  	6	006200200020	b	1	62
c          	22	00630020002000200020002000200020002000200020	c	2	0063	c          	22	00630020002000200020002000200020002000200020	c	1	63
DROP TABLE t_utf16;
# Testing character set utf16le collation utf16le_bin
CREATE TABLE t_utf16le (pk_varchar VARCHAR(64) CHARACTER SET utf16le COLLATE utf16le_bin, pk_char CHAR(64) CHARACTER SET utf16le COLLATE utf16le_bin, d_varchar VARCHAR(64) CHARACTER SET utf16le COLLATE utf16le_bin, d_char CHAR(64), PRIMARY KEY(pk_varchar, pk_char)) ENGINE=rocksdb;
INSERT INTO t_utf16le VALUES('a ', 'a ', 'a ', 'a ');
INSERT INTO t_utf16le VALUES ('a', 'a', 'a', 'a');
ERROR 23000: Duplicate entry 'a-a' for key 't_utf16le.PRIMARY'
INSERT INTO t_utf16le VALUES('b  ', 'b  ', 'b  ', 'b  ');;
INSERT INTO t_utf16le VALUES('b', 'b', 'b', 'b');
ERROR 23000: Duplicate entry 'b-b' for key 't_utf16le.PRIMARY'
INSERT INTO t_utf16le VALUES('a\t', 'a\t', 'a\t', 'a\t');
INSERT INTO t_utf16le VALUES('a \t', 'a \t', 'a \t', 'a \t');
# Try longer values
INSERT INTO t_utf16le VALUES(concat('a', repeat(' ',10)), concat('a', repeat(' ',10)), concat('a', repeat(' ',10)), concat('a', repeat(' ',10)));
ERROR 23000: Duplicate entry 'a          -a' for key 't_utf16le.PRIMARY'
INSERT INTO t_utf16le VALUES(concat('c', repeat(' ',10)), concat('c', repeat(' ',10)), concat('c', repeat(' ',10)), concat('c', repeat(' ',10)));
SELECT pk_varchar, length(pk_varchar), hex(pk_varchar), pk_char, length(pk_char), hex(pk_char), d_varchar, length(d_varchar), hex(d_varchar), d_char, length(d_char), hex(d_char) FROM t_utf16le;
pk_varchar	length(pk_varchar)	hex(pk_varchar)	pk_char	length(pk_char)	hex(pk_char)	d_varchar	length(d_varchar)	hex(d_varchar)	d_char	length(d_char)	hex(d_char)
a		4	61000900	a		4	61000900	a		4	61000900	a		2	6109
a 		6	610020000900	a 		6	610020000900	a 		6	610020000900	a 		3	612009
a 	4	61002000	a	2	6100	a 	4	61002000	a	1	61
b  	6	620020002000	b	2	6200	b  	6	620020002000	b	1	62
c          	22	63002000200020002000200020002000200020002000	c	2	6300	c          	22	63002000200020002000200020002000200020002000	c	1	63
DROP TABLE t_utf16le;
# Testing character set utf32 collation utf32_bin
CREATE TABLE t_utf32 (pk_varchar VARCHAR(64) CHARACTER SET utf32 COLLATE utf32_bin, pk_char CHAR(64) CHARACTER SET utf32 COLLATE utf32_bin, d_varchar VARCHAR(64) CHARACTER SET utf32 COLLATE utf32_bin, d_char CHAR(64), PRIMARY KEY(pk_varchar, pk_char)) ENGINE=rocksdb;
INSERT INTO t_utf32 VALUES('a ', 'a ', 'a ', 'a ');
INSERT INTO t_utf32 VALUES ('a', 'a', 'a', 'a');
ERROR 23000: Duplicate entry 'a-a' for key 't_utf32.PRIMARY'
INSERT INTO t_utf32 VALUES('b  ', 'b  ', 'b  ', 'b  ');;
INSERT INTO t_utf32 VALUES('b', 'b', 'b', 'b');
ERROR 23000: Duplicate entry 'b-b' for key 't_utf32.PRIMARY'
INSERT INTO t_utf32 VALUES('a\t', 'a\t', 'a\t', 'a\t');
INSERT INTO t_utf32 VALUES('a \t', 'a \t', 'a \t', 'a \t');
# Try longer values
INSERT INTO t_utf32 VALUES(concat('a', repeat(' ',10)), concat('a', repeat(' ',10)), concat('a', repeat(' ',10)), concat('a', repeat(' ',10)));
ERROR 23000: Duplicate entry 'a          -a' for key 't_utf32.PRIMARY'
INSERT INTO t_utf32 VALUES(concat('c', repeat(' ',10)), concat('c', repeat(' ',10)), concat('c', repeat(' ',10)), concat('c', repeat(' ',10)));
SELECT pk_varchar, length(pk_varchar), hex(pk_varchar), pk_char, length(pk_char), hex(pk_char), d_varchar, length(d_varchar), hex(d_varchar), d_char, length(d_char), hex(d_char) FROM t_utf32;
pk_varchar	length(pk_varchar)	hex(pk_varchar)	pk_char	length(pk_char)	hex(pk_char)	d_varchar	length(d_varchar)	hex(d_varchar)	d_char	length(d_char)	hex(d_char)
a		8	0000006100000009	a		8	0000006100000009	a		8	0000006100000009	a		2	6109
a 		12	000000610000002000000009	a 		12	000000610000002000000009	a 		12	000000610000002000000009	a 		3	612009
a 	8	0000006100000020	a	4	00000061	a 	8	0000006100000020	a	1	61
b  	12	000000620000002000000020	b	4	00000062	b  	12	000000620000002000000020	b	1	62
c          	44	0000006300000020000000200000002000000020000000200000002000000020000000200000002000000020	c	4	00000063	c          	44	0000006300000020000000200000002000000020000000200000002000000020000000200000002000000020	c	1	63
DROP TABLE t_utf32;
# Testing character set utf8 collation utf8_bin
CREATE TABLE t_utf8 (pk_varchar VARCHAR(64) CHARACTER SET utf8 COLLATE utf8_bin, pk_char CHAR(64) CHARACTER SET utf8 COLLATE utf8_bin, d_varchar VARCHAR(64) CHARACTER SET utf8 COLLATE utf8_bin, d_char CHAR(64), PRIMARY KEY(pk_varchar, pk_char)) ENGINE=rocksdb;
Warnings:
Warning	3719	'utf8' is currently an alias for the character set UTF8MB3, but will be an alias for UTF8MB4 in a future release. Please consider using UTF8MB4 in order to be unambiguous.
Warning	3778	'utf8_bin' is a collation of the deprecated character set UTF8MB3. Please consider using UTF8MB4 with an appropriate collation instead.
Warning	3719	'utf8' is currently an alias for the character set UTF8MB3, but will be an alias for UTF8MB4 in a future release. Please consider using UTF8MB4 in order to be unambiguous.
Warning	3778	'utf8_bin' is a collation of the deprecated character set UTF8MB3. Please consider using UTF8MB4 with an appropriate collation instead.
Warning	3719	'utf8' is currently an alias for the character set UTF8MB3, but will be an alias for UTF8MB4 in a future release. Please consider using UTF8MB4 in order to be unambiguous.
Warning	3778	'utf8_bin' is a collation of the deprecated character set UTF8MB3. Please consider using UTF8MB4 with an appropriate collation instead.
INSERT INTO t_utf8 VALUES('a ', 'a ', 'a ', 'a ');
INSERT INTO t_utf8 VALUES ('a', 'a', 'a', 'a');
ERROR 23000: Duplicate entry 'a-a' for key 't_utf8.PRIMARY'
INSERT INTO t_utf8 VALUES('b  ', 'b  ', 'b  ', 'b  ');;
INSERT INTO t_utf8 VALUES('b', 'b', 'b', 'b');
ERROR 23000: Duplicate entry 'b-b' for key 't_utf8.PRIMARY'
INSERT INTO t_utf8 VALUES('a\t', 'a\t', 'a\t', 'a\t');
INSERT INTO t_utf8 VALUES('a \t', 'a \t', 'a \t', 'a \t');
# Try longer values
INSERT INTO t_utf8 VALUES(concat('a', repeat(' ',10)), concat('a', repeat(' ',10)), concat('a', repeat(' ',10)), concat('a', repeat(' ',10)));
ERROR 23000: Duplicate entry 'a          -a' for key 't_utf8.PRIMARY'
INSERT INTO t_utf8 VALUES(concat('c', repeat(' ',10)), concat('c', repeat(' ',10)), concat('c', repeat(' ',10)), concat('c', repeat(' ',10)));
SELECT pk_varchar, length(pk_varchar), hex(pk_varchar), pk_char, length(pk_char), hex(pk_char), d_varchar, length(d_varchar), hex(d_varchar), d_char, length(d_char), hex(d_char) FROM t_utf8;
pk_varchar	length(pk_varchar)	hex(pk_varchar)	pk_char	length(pk_char)	hex(pk_char)	d_varchar	length(d_varchar)	hex(d_varchar)	d_char	length(d_char)	hex(d_char)
a		2	6109	a		2	6109	a		2	6109	a		2	6109
a 		3	612009	a 		3	612009	a 		3	612009	a 		3	612009
a 	2	6120	a	1	61	a 	2	6120	a	1	61
b  	3	622020	b	1	62	b  	3	622020	b	1	62
c          	11	6320202020202020202020	c	1	63	c          	11	6320202020202020202020	c	1	63
DROP TABLE t_utf8;
# Testing character set utf8mb4 collation utf8mb4_0900_bin
CREATE TABLE t_utf8mb4 (pk_varchar VARCHAR(64) CHARACTER SET utf8mb4 COLLATE utf8mb4_0900_bin, pk_char CHAR(64) CHARACTER SET utf8mb4 COLLATE utf8mb4_0900_bin, d_varchar VARCHAR(64) CHARACTER SET utf8mb4 COLLATE utf8mb4_0900_bin, d_char CHAR(64), PRIMARY KEY(pk_varchar, pk_char)) ENGINE=rocksdb;
INSERT INTO t_utf8mb4 VALUES('a ', 'a ', 'a ', 'a ');
INSERT INTO t_utf8mb4 VALUES ('a', 'a', 'a', 'a');
ERROR 23000: Duplicate entry 'a-a' for key 't_utf8mb4.PRIMARY'
INSERT INTO t_utf8mb4 VALUES('b  ', 'b  ', 'b  ', 'b  ');;
INSERT INTO t_utf8mb4 VALUES('b', 'b', 'b', 'b');
ERROR 23000: Duplicate entry 'b-b' for key 't_utf8mb4.PRIMARY'
INSERT INTO t_utf8mb4 VALUES('a\t', 'a\t', 'a\t', 'a\t');
INSERT INTO t_utf8mb4 VALUES('a \t', 'a \t', 'a \t', 'a \t');
# Try longer values
INSERT INTO t_utf8mb4 VALUES(concat('a', repeat(' ',10)), concat('a', repeat(' ',10)), concat('a', repeat(' ',10)), concat('a', repeat(' ',10)));
ERROR 23000: Duplicate entry 'a          -a' for key 't_utf8mb4.PRIMARY'
INSERT INTO t_utf8mb4 VALUES(concat('c', repeat(' ',10)), concat('c', repeat(' ',10)), concat('c', repeat(' ',10)), concat('c', repeat(' ',10)));
SELECT pk_varchar, length(pk_varchar), hex(pk_varchar), pk_char, length(pk_char), hex(pk_char), d_varchar, length(d_varchar), hex(d_varchar), d_char, length(d_char), hex(d_char) FROM t_utf8mb4;
pk_varchar	length(pk_varchar)	hex(pk_varchar)	pk_char	length(pk_char)	hex(pk_char)	d_varchar	length(d_varchar)	hex(d_varchar)	d_char	length(d_char)	hex(d_char)
a		2	6109	a		2	6109	a		2	6109	a		2	6109
a 		3	612009	a 		3	612009	a 		3	612009	a 		3	612009
a 	2	6120	a	1	61	a 	2	6120	a	1	61
b  	3	622020	b	1	62	b  	3	622020	b	1	62
c          	11	6320202020202020202020	c	1	63	c          	11	6320202020202020202020	c	1	63
DROP TABLE t_utf8mb4;
# Testing character set utf8mb4 collation utf8mb4_bin
CREATE TABLE t_utf8mb4 (pk_varchar VARCHAR(64) CHARACTER SET utf8mb4 COLLATE utf8mb4_bin, pk_char CHAR(64) CHARACTER SET utf8mb4 COLLATE utf8mb4_bin, d_varchar VARCHAR(64) CHARACTER SET utf8mb4 COLLATE utf8mb4_bin, d_char CHAR(64), PRIMARY KEY(pk_varchar, pk_char)) ENGINE=rocksdb;
INSERT INTO t_utf8mb4 VALUES('a ', 'a ', 'a ', 'a ');
INSERT INTO t_utf8mb4 VALUES ('a', 'a', 'a', 'a');
ERROR 23000: Duplicate entry 'a-a' for key 't_utf8mb4.PRIMARY'
INSERT INTO t_utf8mb4 VALUES('b  ', 'b  ', 'b  ', 'b  ');;
INSERT INTO t_utf8mb4 VALUES('b', 'b', 'b', 'b');
ERROR 23000: Duplicate entry 'b-b' for key 't_utf8mb4.PRIMARY'
INSERT INTO t_utf8mb4 VALUES('a\t', 'a\t', 'a\t', 'a\t');
INSERT INTO t_utf8mb4 VALUES('a \t', 'a \t', 'a \t', 'a \t');
# Try longer values
INSERT INTO t_utf8mb4 VALUES(concat('a', repeat(' ',10)), concat('a', repeat(' ',10)), concat('a', repeat(' ',10)), concat('a', repeat(' ',10)));
ERROR 23000: Duplicate entry 'a          -a' for key 't_utf8mb4.PRIMARY'
INSERT INTO t_utf8mb4 VALUES(concat('c', repeat(' ',10)), concat('c', repeat(' ',10)), concat('c', repeat(' ',10)), concat('c', repeat(' ',10)));
SELECT pk_varchar, length(pk_varchar), hex(pk_varchar), pk_char, length(pk_char), hex(pk_char), d_varchar, length(d_varchar), hex(d_varchar), d_char, length(d_char), hex(d_char) FROM t_utf8mb4;
pk_varchar	length(pk_varchar)	hex(pk_varchar)	pk_char	length(pk_char)	hex(pk_char)	d_varchar	length(d_varchar)	hex(d_varchar)	d_char	length(d_char)	hex(d_char)
a		2	6109	a		2	6109	a		2	6109	a		2	6109
a 		3	612009	a 		3	612009	a 		3	612009	a 		3	612009
a 	2	6120	a	1	61	a 	2	6120	a	1	61
b  	3	622020	b	1	62	b  	3	622020	b	1	62
c          	11	6320202020202020202020	c	1	63	c          	11	6320202020202020202020	c	1	63
DROP TABLE t_utf8mb4;
