SET @ORIG_PAUSE_BACKGROUND_WORK = @@ROCKSDB_PAUSE_BACKGROUND_WORK;
SET GLOBAL ROCKSDB_PAUSE_BACKGROUND_WORK = 1;
CREATE TABLE t1 (
a SET('N.America','S.America','Africa','Antarctica','Australia','Europe','Asia'),
b SET('test1','test2','test3','test4','test5'),
c SET('01','22','23','33','34','39','40','44','50','63','64') PRIMARY KEY
) ENGINE=rocksdb;
SHOW INDEX IN t1;
Table	Non_unique	Key_name	Seq_in_index	Column_name	Collation	Cardinality	Sub_part	Packed	Null	Index_type	Comment	Index_comment	Visible	Expression
t1	0	PRIMARY	1	c	A	1000	NULL	NULL		SE_SPECIFIC			YES	NULL
INSERT INTO t1 (a,b,c) VALUES 
('','test2,test3','01,34,44,23'),
('',5,2),
('N.America,Asia','test4,test2',''),
('Africa,Europe,Asia','test2,test3','01'),
('Antarctica','test3','34,44'),
('Asia','test5','50'),
('Europe,S.America','test1,','39');
ERROR 01000: Data truncated for column 'b' at row 7
set @orig_sql_mode=@@session.sql_mode;
set session sql_mode="";
INSERT INTO t1 (a,b,c) VALUES 
('','test2,test3','01,34,44,23'),
('',5,2),
('N.America,Asia','test4,test2',''),
('Africa,Europe,Asia','test2,test3','01'),
('Antarctica','test3','34,44'),
('Asia','test5','50'),
('Europe,S.America','test1,','39');
Warnings:
Warning	1265	Data truncated for column 'b' at row 7
set session sql_mode=@orig_sql_mode;
EXPLAIN SELECT c FROM t1 ORDER BY c;
id	select_type	table	partitions	type	possible_keys	key	key_len	ref	rows	filtered	Extra
1	SIMPLE	t1	NULL	index	NULL	PRIMARY	2	NULL	#	100.00	Using index
Warnings:
Note	1003	/* select#1 */ select `test`.`t1`.`c` AS `c` from `test`.`t1` order by `test`.`t1`.`c`
SELECT c FROM t1 ORDER BY c;
c

01
22
39
34,44
01,23,34,44
50
EXPLAIN SELECT c FROM t1 IGNORE INDEX FOR ORDER BY (PRIMARY) ORDER BY c;
id	select_type	table	partitions	type	possible_keys	key	key_len	ref	rows	filtered	Extra
1	SIMPLE	t1	NULL	index	NULL	PRIMARY	2	NULL	#	100.00	Using index; Using filesort
Warnings:
Note	1003	/* select#1 */ select `test`.`t1`.`c` AS `c` from `test`.`t1` IGNORE INDEX FOR ORDER BY (PRIMARY) order by `test`.`t1`.`c`
SELECT c FROM t1 IGNORE INDEX FOR ORDER BY (PRIMARY) ORDER BY c;
c

01
22
39
34,44
01,23,34,44
50
INSERT INTO t1 (a,b,c) VALUES ('Antarctica','test3','02');
ERROR 23000: Duplicate entry '22' for key 't1.PRIMARY'
INSERT INTO t1 (a,b,c) VALUES ('','test1','34,44');
ERROR 23000: Duplicate entry '34,44' for key 't1.PRIMARY'
DROP TABLE t1;
CREATE TABLE t1 (
a SET('N.America','S.America','Africa','Antarctica','Australia','Europe','Asia'),
b SET('test1','test2','test3','test4','test5'),
c SET('01','22','23','33','34','39','40','44','50','63','64'),
pk SET('1','2','3','4','5','6','7','8','9') PRIMARY KEY,
INDEX(a)
) ENGINE=rocksdb;
SHOW INDEX IN t1;
Table	Non_unique	Key_name	Seq_in_index	Column_name	Collation	Cardinality	Sub_part	Packed	Null	Index_type	Comment	Index_comment	Visible	Expression
t1	0	PRIMARY	1	pk	A	1000	NULL	NULL		SE_SPECIFIC			YES	NULL
t1	1	a	1	a	A	500	NULL	NULL	YES	SE_SPECIFIC			YES	NULL
INSERT INTO t1 (a,b,c,pk) VALUES
('','test2,test3','01,34,44,23',1),
('',5,2,2),
('N.America,Asia','test4,test2','',3),
('Africa,Europe,Asia','test2,test3','01',4),
('Antarctica','test3','34,44',5),
('Asia','test5','50',6),
('Europe,S.America','test1,','39',7);
ERROR 01000: Data truncated for column 'b' at row 7
set @orig_sql_mode=@@session.sql_mode;
set session sql_mode="";
INSERT INTO t1 (a,b,c,pk) VALUES
('','test2,test3','01,34,44,23',1),
('',5,2,2),
('N.America,Asia','test4,test2','',3),
('Africa,Europe,Asia','test2,test3','01',4),
('Antarctica','test3','34,44',5),
('Asia','test5','50',6),
('Europe,S.America','test1,','39',7);
Warnings:
Warning	1265	Data truncated for column 'b' at row 7
set session sql_mode=@orig_sql_mode;
EXPLAIN SELECT a FROM t1 WHERE FIND_IN_SET('Europe',a) > 0;
id	select_type	table	partitions	type	possible_keys	key	key_len	ref	rows	filtered	Extra
1	SIMPLE	t1	NULL	ALL	NULL	NULL	NULL	NULL	#	100.00	Using where
Warnings:
Note	1003	/* select#1 */ select `test`.`t1`.`a` AS `a` from `test`.`t1` where (find_in_set('Europe',`test`.`t1`.`a`) > 0)
SELECT a FROM t1 WHERE FIND_IN_SET('Europe',a) > 0;
a
Africa,Europe,Asia
S.America,Europe
DROP TABLE t1;
SET GLOBAL ROCKSDB_PAUSE_BACKGROUND_WORK = @ORIG_PAUSE_BACKGROUND_WORK;
