CREATE TABLE t1 (
id BIGINT AUTO_INCREMENT PRIMARY KEY,
bar BIGINT
) ENGINE=InnoDB;
SELECT COUNT(*) FROM t1;
COUNT(*)
517672
ALTER TABLE t1 ADD INDEX baz (bar);
SELECT COUNT(*) FROM t1 FORCE INDEX (baz);
COUNT(*)
517672
DROP TABLE t1;
