# 
# PS-4712 : Assertion after bug#84958 fix on FB tree
#
create table t1 (a int, b int, c int, primary key(a,b), key (b,c)) engine=innodb;
insert into t1 values (1,2,3) on duplicate key update c=c+1;
begin;
select * from t1;
a	b	c
1	2	3
insert into t1 values (1,2,3) on duplicate key update c=null;
insert into t1 values (1,2,3) on duplicate key update c=null;
insert into t1 values (1,2,3) on duplicate key update c=null;
select * from t1 force index (primary);
a	b	c
1	2	3
select * from t1 force index (b);
a	b	c
1	2	3
commit;
drop table t1;
