CREATE TABLE t1(name VARCHAR(64), type TEXT) ENGINE=innodb;
INSERT INTO t1(name, type) VALUES ("t1", "table");
INSERT INTO t1(name, type) VALUES ("t2", "table");
INSERT INTO t1(name, type) VALUES ("t3", "table");
INSERT INTO t1(name, type) VALUES ("t4", "table");
INSERT INTO t1(name, type) VALUES ("t5", "table");
INSERT INTO t1(name, type) VALUES ("t6", "table");
INSERT INTO t1(name, type) VALUES ("t7", "table");
INSERT INTO t1(name, type) VALUES ("t8", "table");
INSERT INTO t1(name, type) VALUES ("t9", "table");
INSERT INTO t1(name, type) VALUES ("t10", "table");
INSERT INTO t1(name, type) VALUES ("t11", "table");
CREATE TABLE t2(name VARCHAR(64), data TEXT) ENGINE=innodb;
INSERT INTO t2(name, data) VALUES("t1", "data");
INSERT INTO t2(name, data) VALUES("t2", "data");
INSERT INTO t2(name, data) VALUES("t3", "data");
INSERT INTO t2(name, data) VALUES("t4", "data");
INSERT INTO t2(name, data) VALUES("t5", "data");
INSERT INTO t2(name, data) VALUES("t6", "data");
INSERT INTO t2(name, data) VALUES("t7", "data");
INSERT INTO t2(name, data) VALUES("t8", "data");
SET SESSION internal_tmp_mem_storage_engine=MEMORY;
SET @@session.optimizer_trace="enabled=on";
SET @@session.tmp_table_size = 1024;
SET @@optimizer_switch="semijoin=off";
SELECT name, data FROM t2 WHERE name IN ( SELECT name FROM t1 WHERE type='table');
name	data
t1	data
t2	data
t3	data
t4	data
t5	data
t6	data
t7	data
t8	data
DROP TABLE t1, t2;
