CREATE VIEW t1 AS SELECT 1 AS a;
PREPARE stmt FROM ' SELECT(SELECT 1 FROM t1 WHERE ot.a) AS d FROM t1 AS ot GROUP BY d';
EXECUTE stmt;
d
1
EXECUTE stmt;
d
1
DROP VIEW t1;
