CREATE TABLE t1(a DECIMAL NOT NULL) ENGINE=InnoDB;
CREATE TABLE t2(
b INT,
c INT UNSIGNED NOT NULL,
d FLOAT,
PRIMARY KEY(b)
) ENGINE=InnoDB;
CREATE VIEW v AS SELECT * FROM t2;
INSERT INTO t2 VALUES (1, 0, 0);
UPDATE v SET d=3 WHERE c < ALL(SELECT b FROM t1);
DROP VIEW v;
DROP TABLE t1, t2;
