CREATE TABLE t1(a DATE NOT NULL,b INT);
SET SESSION sql_mode='';
insert into t1(b)values(7);
Warnings:
Warning	1364	Field 'a' doesn't have a default value
SET SESSION sql_mode='traditional';
SELECT 1 FROM t1 WHERE(SELECT a FROM t1)/ a;
1
Warnings:
Warning	1292	Incorrect datetime value: '0000-00-00'
DROP TABLE t1;
