SET big_tables = 1;
CREATE TABLE t1(a BINARY (1)) ROW_FORMAT=DYNAMIC ENGINE=InnoDB;
SELECT NOT EXISTS(SELECT 1) FROM t1 JOIN t1 a USING(a) GROUP BY 1 WITH ROLLUP;
NOT EXISTS(SELECT 1)
DROP TABLE t1;
