# Set different paths for --datadir
# Stop DB server which was created by MTR default
# Start the 8.0 server on 5.7 datadir
# restart: --loose-skip-log-bin --skip-log-slave-updates --datadir=MYSQLD_DATADIR1
SHOW CREATE TABLE test.t1;
Table	Create Table
t1	CREATE TABLE `t1` (
  `a` text /*!50633 COLUMN_FORMAT COMPRESSED WITH COMPRESSION_DICTIONARY `dddddddddddddddddddddddddddddddddddddddddddddddddddddddddddddddd` */
) ENGINE=InnoDB DEFAULT CHARSET=latin1
SHOW CREATE TABLE test.t2;
Table	Create Table
t2	CREATE TABLE `t2` (
  `a` text /*!50633 COLUMN_FORMAT COMPRESSED WITH COMPRESSION_DICTIONARY `d1` */
) ENGINE=InnoDB DEFAULT CHARSET=latin1
SHOW CREATE TABLE test.t3;
Table	Create Table
t3	CREATE TABLE `t3` (
  `a` text /*!50633 COLUMN_FORMAT COMPRESSED WITH COMPRESSION_DICTIONARY `d2` */
) ENGINE=InnoDB DEFAULT CHARSET=latin1
SHOW CREATE TABLE test.t4;
Table	Create Table
t4	CREATE TABLE `t4` (
  `a` int NOT NULL AUTO_INCREMENT,
  `b` text /*!50633 COLUMN_FORMAT COMPRESSED */,
  `c` varchar(1000) /*!50633 COLUMN_FORMAT COMPRESSED */ DEFAULT NULL,
  `d` varchar(10000) /*!50633 COLUMN_FORMAT COMPRESSED */ DEFAULT 'hello, world! see you!',
  PRIMARY KEY (`a`)
) ENGINE=InnoDB AUTO_INCREMENT=3 DEFAULT CHARSET=latin1
SHOW CREATE TABLE test.t5;
Table	Create Table
t5	CREATE TABLE `t5` (
  `id` bigint unsigned NOT NULL,
  `a` varchar(250) /*!50633 COLUMN_FORMAT COMPRESSED */ DEFAULT NULL
) ENGINE=InnoDB DEFAULT CHARSET=latin1
/*!50100 PARTITION BY RANGE (`id`)
(PARTITION p1 VALUES LESS THAN (100) ENGINE = InnoDB,
 PARTITION p2 VALUES LESS THAN MAXVALUE ENGINE = InnoDB) */
SHOW CREATE TABLE test.t6;
Table	Create Table
t6	CREATE TABLE `t6` (
  `id` bigint unsigned NOT NULL,
  `a` varchar(250) /*!50633 COLUMN_FORMAT COMPRESSED WITH COMPRESSION_DICTIONARY `numbers` */ DEFAULT NULL
) ENGINE=InnoDB DEFAULT CHARSET=latin1
/*!50100 PARTITION BY RANGE (`id`)
(PARTITION p1 VALUES LESS THAN (100) ENGINE = InnoDB,
 PARTITION p2 VALUES LESS THAN MAXVALUE ENGINE = InnoDB) */
SHOW CREATE TABLE test.t7;
Table	Create Table
t7	CREATE TABLE `t7` (
  `id` bigint unsigned NOT NULL,
  `a` varchar(250) /*!50633 COLUMN_FORMAT COMPRESSED WITH COMPRESSION_DICTIONARY `numbers` */ DEFAULT NULL
) ENGINE=InnoDB DEFAULT CHARSET=latin1
/*!50100 PARTITION BY HASH (`id`)
PARTITIONS 2 */
SHOW CREATE TABLE test.t8;
Table	Create Table
t8	CREATE TABLE `t8` (
  `id` bigint unsigned NOT NULL,
  `a` varchar(250) /*!50633 COLUMN_FORMAT COMPRESSED WITH COMPRESSION_DICTIONARY `numbers` */ DEFAULT NULL
) ENGINE=InnoDB DEFAULT CHARSET=latin1
/*!50100 PARTITION BY RANGE (`id`)
SUBPARTITION BY HASH (`id`)
(PARTITION p0 VALUES LESS THAN (1024)
 (SUBPARTITION s0 ENGINE = InnoDB,
  SUBPARTITION s1 ENGINE = InnoDB),
 PARTITION p1 VALUES LESS THAN MAXVALUE
 (SUBPARTITION s2 ENGINE = InnoDB,
  SUBPARTITION s3 ENGINE = InnoDB)) */
SHOW CREATE TABLE test.t9;
Table	Create Table
t9	CREATE TABLE `t9` (
  `id` bigint unsigned NOT NULL,
  `a` varchar(250) /*!50633 COLUMN_FORMAT COMPRESSED WITH COMPRESSION_DICTIONARY `numbers` */ DEFAULT NULL
) ENGINE=InnoDB DEFAULT CHARSET=latin1
/*!50100 PARTITION BY RANGE (`id`)
SUBPARTITION BY HASH (`id`)
SUBPARTITIONS 2
(PARTITION p0 VALUES LESS THAN (1024) ENGINE = InnoDB,
 PARTITION p1 VALUES LESS THAN MAXVALUE ENGINE = InnoDB) */
SHOW CREATE TABLE test.t10;
Table	Create Table
t10	CREATE TABLE `t10` (
  `id` int NOT NULL,
  `a` blob NOT NULL /*!50633 COLUMN_FORMAT COMPRESSED WITH COMPRESSION_DICTIONARY `numbers` */,
  `vchar` char(2) GENERATED ALWAYS AS (substr(`a`,2,2)) VIRTUAL,
  KEY `vchar` (`vchar`)
) ENGINE=InnoDB DEFAULT CHARSET=latin1
SHOW CREATE TABLE test.t11;
Table	Create Table
t11	CREATE TABLE `t11` (
  `f1` int NOT NULL,
  `f2` blob /*!50633 COLUMN_FORMAT COMPRESSED */,
  `f3` blob GENERATED ALWAYS AS (`f2`) VIRTUAL,
  PRIMARY KEY (`f1`),
  KEY `f3` (`f3`(200))
) ENGINE=InnoDB DEFAULT CHARSET=latin1
SET @long_dictionary_data = REPEAT('ab', 32506 / 2);
SELECT dict_data = @long_dictionary_data AS long_dictionary_data_matches FROM information_schema.compression_dictionary WHERE dict_name = 'd1';
long_dictionary_data_matches
1
SET @dict_data8 = 'aaaaaaaabbbbbbbbccccccccdddddddd';
SELECT dict_data = @dict_data8 AS short_dictionary_data_matches FROM information_schema.compression_dictionary WHERE dict_name = 'd2';
short_dictionary_data_matches
1
# Retrieve all compression dictionaries
# Long dictionary data is already retrieved and verifed above
SELECT * FROM information_schema.compression_dictionary where dict_name != 'd1';
DICT_VERSION	DICT_NAME	DICT_DATA
1	d2	aaaaaaaabbbbbbbbccccccccdddddddd
1	dddddddddddddddddddddddddddddddddddddddddddddddddddddddddddddddd	abcd
1	numbers	onetwothree
# Retrieve all data from tables created in 5.7
SELECT LENGTH(a) FROM t1;
LENGTH(a)
160
SELECT LENGTH(a) FROM t2;
LENGTH(a)
65012
SELECT LENGTH(a) FROM t3;
LENGTH(a)
128
SELECT a, LENGTH(b), LENGTH(c), LENGTH(d) FROM t4;
a	LENGTH(b)	LENGTH(c)	LENGTH(d)
1	1200	80	22
2	1500	40	5500
SELECT id, LENGTH(a) FROM t5;
id	LENGTH(a)
1	180
2000	90
SELECT id, LENGTH(a) FROM t6;
id	LENGTH(a)
1	240
200	240
300	250
SELECT id, LENGTH(a) FROM t7;
id	LENGTH(a)
200	240
300	250
1	240
SELECT id, LENGTH(a) FROM t8;
id	LENGTH(a)
200	240
300	250
1	240
SELECT id, LENGTH(a) FROM t9;
id	LENGTH(a)
200	240
300	250
1	240
SELECT id, LENGTH(a) FROM t10;
id	LENGTH(a)
1	8000
SELECT f1, LENGTH(f2), LENGTH(f3) FROM t11;
f1	LENGTH(f2)	LENGTH(f3)
1	96	96
# Do ALTER before restart and check schema
ALTER TABLE t1 ADD COLUMN b BLOB COLUMN_FORMAT COMPRESSED WITH COMPRESSION_DICTIONARY `d2`;
SET @t1_data = REPEAT('aaaaaaaabbbbbbbbccccccccdddddddd', 40);
INSERT INTO t1 VALUES(@t1_data, @t1_data);
SELECT LENGTH(a), LENGTH(b) FROM t1;
LENGTH(a)	LENGTH(b)
160	NULL
1280	1280
SHOW CREATE TABLE t1;
Table	Create Table
t1	CREATE TABLE `t1` (
  `a` text /*!50633 COLUMN_FORMAT COMPRESSED WITH COMPRESSION_DICTIONARY `dddddddddddddddddddddddddddddddddddddddddddddddddddddddddddddddd` */,
  `b` blob /*!50633 COLUMN_FORMAT COMPRESSED WITH COMPRESSION_DICTIONARY `d2` */
) ENGINE=InnoDB DEFAULT CHARSET=latin1
# restart: --loose-skip-log-bin --skip-log-slave-updates --datadir=MYSQLD_DATADIR1
# Do ALTER before restart and check schema
ALTER TABLE t9 ADD COLUMN b BLOB COLUMN_FORMAT COMPRESSED WITH COMPRESSION_DICTIONARY `d2`;
INSERT INTO t9 VALUES(240, @t1_data, @t1_data);
SELECT id, LENGTH(a), LENGTH(b) FROM t9;
id	LENGTH(a)	LENGTH(b)
200	240	NULL
300	250	NULL
240	NULL	NULL
1	240	NULL
# Start the 8.0 server on 5.7 datadir
SET GLOBAL innodb_fast_shutdown = 0;
# restart: --loose-skip-log-bin --skip-log-slave-updates --datadir=MYSQLD_DATADIR1 --innodb-read-only
SET @long_dictionary_data = REPEAT('ab', 32506 / 2);
SELECT dict_data = @long_dictionary_data AS long_dictionary_data_matches FROM information_schema.compression_dictionary WHERE dict_name = 'd1';
long_dictionary_data_matches
1
SET @dict_data8 = 'aaaaaaaabbbbbbbbccccccccdddddddd';
SELECT dict_data = @dict_data8 AS short_dictionary_data_matches FROM information_schema.compression_dictionary WHERE dict_name = 'd2';
short_dictionary_data_matches
1
# Retrieve all compression dictionaries
# Long dictionary data is already retrieved and verifed above
SELECT * FROM information_schema.compression_dictionary where dict_name != 'd1';
DICT_VERSION	DICT_NAME	DICT_DATA
1	d2	aaaaaaaabbbbbbbbccccccccdddddddd
1	dddddddddddddddddddddddddddddddddddddddddddddddddddddddddddddddd	abcd
1	numbers	onetwothree
# Retrieve all data from tables created in 5.7
SELECT LENGTH(a) FROM t1;
LENGTH(a)
160
1280
SELECT LENGTH(a) FROM t2;
LENGTH(a)
65012
SELECT LENGTH(a) FROM t3;
LENGTH(a)
128
SELECT a, LENGTH(b), LENGTH(c), LENGTH(d) FROM t4;
a	LENGTH(b)	LENGTH(c)	LENGTH(d)
1	1200	80	22
2	1500	40	5500
SELECT id, LENGTH(a) FROM t5;
id	LENGTH(a)
1	180
2000	90
SELECT id, LENGTH(a) FROM t6;
id	LENGTH(a)
1	240
200	240
300	250
SELECT id, LENGTH(a) FROM t7;
id	LENGTH(a)
200	240
300	250
1	240
SELECT id, LENGTH(a) FROM t8;
id	LENGTH(a)
200	240
300	250
1	240
SELECT id, LENGTH(a) FROM t9;
id	LENGTH(a)
200	240
300	250
240	NULL
1	240
SELECT id, LENGTH(a) FROM t10;
id	LENGTH(a)
1	8000
SELECT f1, LENGTH(f2), LENGTH(f3) FROM t11;
f1	LENGTH(f2)	LENGTH(f3)
1	96	96
# Stop the server
# Remove copied files
# Restart the server with default options.
# restart
