SELECT 1,2,3 INTO OUTFILE 'MYSQL_TMP_DIR/regular';
ERROR HY000: File 'MYSQL_TMP_DIR/regular' already exists
SELECT 1,2,3 INTO OUTFILE 'MYSQL_TMP_DIR/fifo';
1	2	3
CREATE PROCEDURE p1() BEGIN WHILE ISNULL(LOAD_FILE('MYSQL_TMP_DIR/trigger')) DO SELECT SLEEP(1); END WHILE; SELECT 1,2,3 INTO OUTFILE 'MYSQL_TMP_DIR/socket'; END//
CALL p1();
DROP PROCEDURE p1;
SELECT 1,2,3 INTO DUMPFILE 'MYSQL_TMP_DIR/regular';
SELECT 1,2,3 INTO DUMPFILE 'MYSQL_TMP_DIR/fifo';
123CREATE PROCEDURE p1() BEGIN WHILE ISNULL(LOAD_FILE('MYSQL_TMP_DIR/trigger')) DO SELECT SLEEP(1); END WHILE; SELECT 1,2,3 INTO DUMPFILE 'MYSQL_TMP_DIR/socket'; END//
CALL p1();
DROP PROCEDURE p1;
