#
# Bug 76142: InnoDB tablespace import fails when importing table w/ different data directory
#
CREATE TABLE t1 (a INT PRIMARY KEY) ENGINE=InnoDB;
INSERT INTO t1 VALUES (1);
CREATE TABLE t2 (a INT PRIMARY KEY) ENGINE=InnoDB DATA DIRECTORY='MYSQL_TMP_DIR';
INSERT INTO t2 VALUES (3);
FLUSH TABLE t2 FOR EXPORT;
UNLOCK TABLES;
ALTER TABLE t2 DISCARD TABLESPACE;
FLUSH TABLE t1 FOR EXPORT;
UNLOCK TABLES;
ALTER TABLE t2 IMPORT TABLESPACE;
INSERT INTO t2 VALUES (2);
ALTER TABLE t1 DISCARD TABLESPACE;
ALTER TABLE t1 IMPORT TABLESPACE;
INSERT INTO t1 VALUES (4);
SELECT * FROM t1;
a
3
4
SELECT * FROM t2;
a
1
2
DROP TABLE t1, t2;
