#
# Bug 76142: InnoDB tablespace import fails when importing table w/ different data directory
#
CALL mtr.add_suppression("InnoDB: The table .* doesn't have a corresponding tablespace, it was discarded");
CREATE TABLE t1 (a INT PRIMARY KEY) ENGINE=InnoDB;
INSERT INTO t1 VALUES (1);
CREATE TABLE t2 (a INT PRIMARY KEY) ENGINE=InnoDB DATA DIRECTORY='MYSQL_TMP_DIR';
INSERT INTO t2 VALUES (3);
FLUSH TABLE t2 FOR EXPORT;
UNLOCK TABLES;
ALTER TABLE t2 DISCARD TABLESPACE;
FLUSH TABLE t1 FOR EXPORT;
UNLOCK TABLES;
ALTER TABLE t1 DISCARD TABLESPACE;
ALTER TABLE t2 IMPORT TABLESPACE;
ERROR HY000: Schema mismatch (Table location flags do not match. The source table does not use a DATA DIRECTORY but the destination table does.)
ALTER TABLE t1 IMPORT TABLESPACE;
ERROR HY000: Schema mismatch (Table location flags do not match. The source table uses a DATA DIRECTORY but the destination table does not.)
ALTER TABLE t1 IMPORT TABLESPACE;
INSERT INTO t1 VALUES (4);
ALTER TABLE t2 IMPORT TABLESPACE;
INSERT INTO t2 VALUES (2);
SELECT * FROM t1;
a
1
4
SELECT * FROM t2;
a
2
3
DROP TABLE t1, t2;
