create tablespace ts_unencrypted1 add datafile 'ts_unencrypted1.ibd' engine=innodb;
create tablespace ts_encrypted1 add datafile 'ts_encrypted1.ibd' engine=innodb encryption="Y";
create tablespace ts_encrypted2 add datafile 'ts_encrypted2.ibd' engine=innodb encryption="Y";
call mtr.add_suppression("\\[Error\\] InnoDB: Can't generate new master key for tablespace encryption, please check the keyring plugin is loaded.");
call mtr.add_suppression("\\[Error\\] InnoDB: Encryption can't find master key, please check the keyring plugin is loaded.");
call mtr.add_suppression("Function 'keyring_file' already exists");
call mtr.add_suppression("Couldn't load plugin named 'keyring_file' with soname 'keyring_file.*'.");
call mtr.add_suppression("Plugin keyring_file reported");
CREATE DATABASE db1;
USE db1;
CREATE USER u1@localhost;
GRANT ALL ON db1.* TO u1@localhost;
GRANT CREATE TABLESPACE, PROCESS, SYSTEM_VARIABLES_ADMIN, SUPER, RELOAD, TABLE_ENCRYPTION_ADMIN ON *.* TO u1@localhost;
Warnings:
Warning	1287	The SUPER privilege identifier is deprecated
create table t1_default_explicit_on (a int) engine=innodb encryption="Y";
create table t2_default_explicit_off (a int) engine=innodb encryption="N";
SET default_table_encryption='ON';
ALTER DATABASE db1 DEFAULT ENCRYPTION='Y';
SET GLOBAL table_encryption_privilege_check = OFF;
create table t3_on_default (a int) engine=innodb;
create table t4_on_explicit_off (a int) engine=innodb encryption="N";
Warnings:
Warning	3824	Creating an unencrypted table in a database with default encryption enabled.
create table t_unencrypted_tablespace (a text) tablespace ts_unencrypted1 ENGINE="InnoDB";
ERROR HY000: Request to create 'encrypted' table while using an 'unencrypted' tablespace.
SET GLOBAL table_encryption_privilege_check = ON;
REVOKE TABLE_ENCRYPTION_ADMIN ON *.* FROM u1@localhost;
create table t5_force_explicit_off (a int) engine=innodb encryption="N";
ERROR HY000: Table encryption differ from its database default encryption, and user doesn't have enough privilege.
GRANT TABLE_ENCRYPTION_ADMIN ON *.* TO u1@localhost;
create table t6_force_default (a int) engine=innodb;
create table t6_force_default_dup like t6_force_default;
create table t7_partitioned (a int, primary key(a))
engine=innodb tablespace ts_encrypted1
partition by range (a) partitions 2 (
partition p1 values less than (20),
partition p2 values less than (40) tablespace ts_encrypted2);
ERROR HY000: InnoDB : A partitioned table is not allowed in a shared tablespace.
create table t_unencrypted_tablespace (a text) tablespace ts_unencrypted1 ENGINE="InnoDB";
ERROR HY000: Request to create 'encrypted' table while using an 'unencrypted' tablespace.
SET GLOBAL table_encryption_privilege_check = OFF;
ALTER DATABASE db1 DEFAULT ENCRYPTION='N';
create table t5_off_explicit_off (a int) engine=innodb encryption="N";
create table t5_off_explicit_off_dup like t5_off_explicit_off;
create table t7_partitioned_fail (a int, primary key(a))
engine=innodb tablespace ts_encrypted1
partition by range (a) partitions 2 (
partition p1 values less than (20),
partition p2 values less than (40) tablespace ts_encrypted2);
ERROR HY000: Request to create 'unencrypted' table while using an 'encrypted' tablespace.
ALTER DATABASE db1 DEFAULT ENCRYPTION='Y';
SET GLOBAL table_encryption_privilege_check = ON;
insert into t1_default_explicit_on values (42);
insert into t2_default_explicit_off values (42);
insert into t3_on_default values (42);
insert into t4_on_explicit_off values (42);
insert into t5_off_explicit_off values (42);
insert into t6_force_default values (42);
show create table t1_default_explicit_on;
Table	Create Table
t1_default_explicit_on	CREATE TABLE `t1_default_explicit_on` (
  `a` int DEFAULT NULL
) ENGINE=InnoDB DEFAULT CHARSET=utf8mb4 COLLATE=utf8mb4_0900_ai_ci ENCRYPTION='Y'
show create table t2_default_explicit_off;
Table	Create Table
t2_default_explicit_off	CREATE TABLE `t2_default_explicit_off` (
  `a` int DEFAULT NULL
) ENGINE=InnoDB DEFAULT CHARSET=utf8mb4 COLLATE=utf8mb4_0900_ai_ci ENCRYPTION='N'
show create table t3_on_default;
Table	Create Table
t3_on_default	CREATE TABLE `t3_on_default` (
  `a` int DEFAULT NULL
) ENGINE=InnoDB DEFAULT CHARSET=utf8mb4 COLLATE=utf8mb4_0900_ai_ci ENCRYPTION='Y'
show create table t4_on_explicit_off;
Table	Create Table
t4_on_explicit_off	CREATE TABLE `t4_on_explicit_off` (
  `a` int DEFAULT NULL
) ENGINE=InnoDB DEFAULT CHARSET=utf8mb4 COLLATE=utf8mb4_0900_ai_ci ENCRYPTION='N'
show create table t5_off_explicit_off;
Table	Create Table
t5_off_explicit_off	CREATE TABLE `t5_off_explicit_off` (
  `a` int DEFAULT NULL
) ENGINE=InnoDB DEFAULT CHARSET=utf8mb4 COLLATE=utf8mb4_0900_ai_ci ENCRYPTION='N'
show create table t6_force_default;
Table	Create Table
t6_force_default	CREATE TABLE `t6_force_default` (
  `a` int DEFAULT NULL
) ENGINE=InnoDB DEFAULT CHARSET=utf8mb4 COLLATE=utf8mb4_0900_ai_ci ENCRYPTION='Y'
show create table t6_force_default_dup;
Table	Create Table
t6_force_default_dup	CREATE TABLE `t6_force_default_dup` (
  `a` int DEFAULT NULL
) ENGINE=InnoDB DEFAULT CHARSET=utf8mb4 COLLATE=utf8mb4_0900_ai_ci ENCRYPTION='Y'
show create table t5_off_explicit_off_dup;
Table	Create Table
t5_off_explicit_off_dup	CREATE TABLE `t5_off_explicit_off_dup` (
  `a` int DEFAULT NULL
) ENGINE=InnoDB DEFAULT CHARSET=utf8mb4 COLLATE=utf8mb4_0900_ai_ci ENCRYPTION='N'
REVOKE TABLE_ENCRYPTION_ADMIN ON *.* FROM u1@localhost;
alter table t1_default_explicit_on encryption="N";
ERROR HY000: Table encryption differ from its database default encryption, and user doesn't have enough privilege.
GRANT TABLE_ENCRYPTION_ADMIN ON *.* TO u1@localhost;
alter table t2_default_explicit_off encryption="Y";
REVOKE TABLE_ENCRYPTION_ADMIN ON *.* FROM u1@localhost;
alter table t2_default_explicit_off encryption="N";
ERROR HY000: Table encryption differ from its database default encryption, and user doesn't have enough privilege.
GRANT TABLE_ENCRYPTION_ADMIN ON *.* TO u1@localhost;
alter table t3_on_default;
alter table t4_on_explicit_off encryption="N";
Warnings:
Warning	3824	Creating an unencrypted table in a database with default encryption enabled.
SET default_table_encryption='ON';
alter table t1_default_explicit_on encryption="N", ALGORITHM=INPLACE;
ERROR 0A000: ALGORITHM=INPLACE is not supported. Reason: Cannot alter encryption attribute by inplace algorithm.. Try ALGORITHM=COPY.
alter table t1_default_explicit_on encryption="Y", ALGORITHM=INPLACE;
alter table t1_default_explicit_on encryption="N";
alter table t2_default_explicit_off encryption="N";
alter table t3_on_default encryption="N", ALGORITHM=INPLACE;
ERROR 0A000: ALGORITHM=INPLACE is not supported. Reason: Cannot alter encryption attribute by inplace algorithm.. Try ALGORITHM=COPY.
alter table t3_on_default encryption="Y", ALGORITHM=INPLACE;
alter table t3_on_default encryption="N";
alter table t4_on_explicit_off ALGORITHM=INPLACE;
alter table t4_on_explicit_off encryption="N";
Warnings:
Warning	3824	Creating an unencrypted table in a database with default encryption enabled.
alter table t6_force_default encryption="N", ALGORITHM=INPLACE;
ERROR 0A000: ALGORITHM=INPLACE is not supported. Reason: Cannot alter encryption attribute by inplace algorithm.. Try ALGORITHM=COPY.
alter table t4_on_explicit_off change a b int;
ALTER DATABASE db1 DEFAULT ENCRYPTION='Y';
SET GLOBAL table_encryption_privilege_check = ON;
alter table t4_on_explicit_off change b a int;
show create table t1_default_explicit_on;
Table	Create Table
t1_default_explicit_on	CREATE TABLE `t1_default_explicit_on` (
  `a` int DEFAULT NULL
) ENGINE=InnoDB DEFAULT CHARSET=utf8mb4 COLLATE=utf8mb4_0900_ai_ci ENCRYPTION='N'
show create table t2_default_explicit_off;
Table	Create Table
t2_default_explicit_off	CREATE TABLE `t2_default_explicit_off` (
  `a` int DEFAULT NULL
) ENGINE=InnoDB DEFAULT CHARSET=utf8mb4 COLLATE=utf8mb4_0900_ai_ci ENCRYPTION='N'
show create table t3_on_default;
Table	Create Table
t3_on_default	CREATE TABLE `t3_on_default` (
  `a` int DEFAULT NULL
) ENGINE=InnoDB DEFAULT CHARSET=utf8mb4 COLLATE=utf8mb4_0900_ai_ci ENCRYPTION='N'
show create table t4_on_explicit_off;
Table	Create Table
t4_on_explicit_off	CREATE TABLE `t4_on_explicit_off` (
  `a` int DEFAULT NULL
) ENGINE=InnoDB DEFAULT CHARSET=utf8mb4 COLLATE=utf8mb4_0900_ai_ci ENCRYPTION='N'
show create table t5_off_explicit_off;
Table	Create Table
t5_off_explicit_off	CREATE TABLE `t5_off_explicit_off` (
  `a` int DEFAULT NULL
) ENGINE=InnoDB DEFAULT CHARSET=utf8mb4 COLLATE=utf8mb4_0900_ai_ci ENCRYPTION='N'
show create table t6_force_default;
Table	Create Table
t6_force_default	CREATE TABLE `t6_force_default` (
  `a` int DEFAULT NULL
) ENGINE=InnoDB DEFAULT CHARSET=utf8mb4 COLLATE=utf8mb4_0900_ai_ci ENCRYPTION='Y'
show create table t6_force_default_dup;
Table	Create Table
t6_force_default_dup	CREATE TABLE `t6_force_default_dup` (
  `a` int DEFAULT NULL
) ENGINE=InnoDB DEFAULT CHARSET=utf8mb4 COLLATE=utf8mb4_0900_ai_ci ENCRYPTION='Y'
show create table t5_off_explicit_off_dup;
Table	Create Table
t5_off_explicit_off_dup	CREATE TABLE `t5_off_explicit_off_dup` (
  `a` int DEFAULT NULL
) ENGINE=InnoDB DEFAULT CHARSET=utf8mb4 COLLATE=utf8mb4_0900_ai_ci ENCRYPTION='N'
flush tables;
show create table t1_default_explicit_on;
Table	Create Table
t1_default_explicit_on	CREATE TABLE `t1_default_explicit_on` (
  `a` int DEFAULT NULL
) ENGINE=InnoDB DEFAULT CHARSET=utf8mb4 COLLATE=utf8mb4_0900_ai_ci ENCRYPTION='N'
show create table t2_default_explicit_off;
Table	Create Table
t2_default_explicit_off	CREATE TABLE `t2_default_explicit_off` (
  `a` int DEFAULT NULL
) ENGINE=InnoDB DEFAULT CHARSET=utf8mb4 COLLATE=utf8mb4_0900_ai_ci ENCRYPTION='N'
show create table t3_on_default;
Table	Create Table
t3_on_default	CREATE TABLE `t3_on_default` (
  `a` int DEFAULT NULL
) ENGINE=InnoDB DEFAULT CHARSET=utf8mb4 COLLATE=utf8mb4_0900_ai_ci ENCRYPTION='N'
show create table t4_on_explicit_off;
Table	Create Table
t4_on_explicit_off	CREATE TABLE `t4_on_explicit_off` (
  `a` int DEFAULT NULL
) ENGINE=InnoDB DEFAULT CHARSET=utf8mb4 COLLATE=utf8mb4_0900_ai_ci ENCRYPTION='N'
show create table t5_off_explicit_off;
Table	Create Table
t5_off_explicit_off	CREATE TABLE `t5_off_explicit_off` (
  `a` int DEFAULT NULL
) ENGINE=InnoDB DEFAULT CHARSET=utf8mb4 COLLATE=utf8mb4_0900_ai_ci ENCRYPTION='N'
show create table t6_force_default;
Table	Create Table
t6_force_default	CREATE TABLE `t6_force_default` (
  `a` int DEFAULT NULL
) ENGINE=InnoDB DEFAULT CHARSET=utf8mb4 COLLATE=utf8mb4_0900_ai_ci ENCRYPTION='Y'
show create table t6_force_default_dup;
Table	Create Table
t6_force_default_dup	CREATE TABLE `t6_force_default_dup` (
  `a` int DEFAULT NULL
) ENGINE=InnoDB DEFAULT CHARSET=utf8mb4 COLLATE=utf8mb4_0900_ai_ci ENCRYPTION='Y'
show create table t5_off_explicit_off_dup;
Table	Create Table
t5_off_explicit_off_dup	CREATE TABLE `t5_off_explicit_off_dup` (
  `a` int DEFAULT NULL
) ENGINE=InnoDB DEFAULT CHARSET=utf8mb4 COLLATE=utf8mb4_0900_ai_ci ENCRYPTION='N'
select * from t1_default_explicit_on;
a
42
select * from t2_default_explicit_off;
a
42
select * from t3_on_default;
a
42
select * from t4_on_explicit_off;
a
42
select * from t5_off_explicit_off;
a
42
select * from t6_force_default;
a
42
#
# PS-5120 - Cannot add encrypted tables in to encrypted tablespace
#
SET default_table_encryption = ON;
ALTER DATABASE db1 DEFAULT ENCRYPTION='Y';
SET GLOBAL table_encryption_privilege_check = OFF;
create tablespace ts1 add datafile 'ts1.ibd' encryption='Y';
create table t7(a INT);
show create table t7;
Table	Create Table
t7	CREATE TABLE `t7` (
  `a` int DEFAULT NULL
) ENGINE=InnoDB DEFAULT CHARSET=utf8mb4 COLLATE=utf8mb4_0900_ai_ci ENCRYPTION='Y'
alter table t7 tablespace=ts1;
show create table t7;
Table	Create Table
t7	CREATE TABLE `t7` (
  `a` int DEFAULT NULL
) /*!50100 TABLESPACE `ts1` */ ENGINE=InnoDB DEFAULT CHARSET=utf8mb4 COLLATE=utf8mb4_0900_ai_ci /*!80016 ENCRYPTION='Y' */
drop table t7;
drop tablespace ts1;
drop table t1_default_explicit_on;
drop table t2_default_explicit_off;
drop table t3_on_default;
drop table t4_on_explicit_off;
drop table t5_off_explicit_off;
drop table t6_force_default;
drop table t6_force_default_dup;
drop table t5_off_explicit_off_dup;
drop tablespace ts_encrypted1;
drop tablespace ts_encrypted2;
drop tablespace ts_unencrypted1;
SET default_table_encryption=OFF;
ALTER DATABASE db1 DEFAULT ENCRYPTION='N';
SET GLOBAL table_encryption_privilege_check = default;
DROP USER u1@localhost;
DROP DATABASE db1;
