# Do tests on un-encrypted system tablespace
SELECT @@innodb_sys_tablespace_encrypt;
@@innodb_sys_tablespace_encrypt
0
CREATE TABLE t1(a TEXT) TABLESPACE = innodb_system, ENCRYPTION='Y';
ERROR HY000: InnoDB: Tablespace `innodb_system` cannot contain an ENCRYPTED table.
CREATE TABLE t2(a TEXT) TABLESPACE = innodb_system, ENCRYPTION='N';
DROP TABLE t2;
CREATE TABLE t3(a TEXT) TABLESPACE = innodb_system;
DROP TABLE t3;
# System is unencrypted, test with innodb_encrypt_tables=OFF
SET GLOBAL innodb_encrypt_tables=OFF;
SELECT @@innodb_encrypt_tables;
@@innodb_encrypt_tables
OFF
CREATE TABLE t4(a TEXT) TABLESPACE = innodb_system;
DROP TABLE t4;
CREATE TABLE t5(a TEXT) TABLESPACE = innodb_system, ENCRYPTION='Y';
ERROR HY000: InnoDB: Tablespace `innodb_system` cannot contain an ENCRYPTED table.
CREATE TABLE t6(a TEXT) TABLESPACE = innodb_system, ENCRYPTION='N';
DROP TABLE t6;
# System is unencrypted, test with innodb_encrypt_tables=ON
SET GLOBAL innodb_encrypt_tables=ON;
SELECT @@innodb_encrypt_tables;
@@innodb_encrypt_tables
ON
CREATE TABLE t7(a TEXT) TABLESPACE = innodb_system;
ERROR HY000: InnoDB: Tablespace `innodb_system` cannot contain an ENCRYPTED table.
CREATE TABLE t8(a TEXT) TABLESPACE = innodb_system, ENCRYPTION='Y';
ERROR HY000: InnoDB: Tablespace `innodb_system` cannot contain an ENCRYPTED table.
CREATE TABLE t8(a TEXT) TABLESPACE = innodb_system, ENCRYPTION='N';
DROP TABLE t8;
# System is unencrypted, test with innodb_encrypt_tables=FORCE
SET GLOBAL innodb_encrypt_tables="FORCE";
SELECT @@innodb_encrypt_tables;
@@innodb_encrypt_tables
FORCE
CREATE TABLE t9(a TEXT) TABLESPACE = innodb_system;
ERROR HY000: InnoDB: Tablespace `innodb_system` cannot contain an ENCRYPTED table.
CREATE TABLE t10(a TEXT) TABLESPACE = innodb_system, ENCRYPTION='Y';
ERROR HY000: InnoDB: Tablespace `innodb_system` cannot contain an ENCRYPTED table.
CREATE TABLE t11(a TEXT) TABLESPACE = innodb_system, ENCRYPTION='N';
ERROR HY000: InnoDB: Only Master Key encrypted tables (ENCRYPTION='Y') can be created with innodb_encrypt_tables=FORCE.
# Stop the instance which was created by MTR
# create bootstrap file
# start unencrypted system with --innodb-sys-tablespace-encrypt=ON
Pattern found.
# Bootstrap new instance with encrypted system tablespace
# Start encrypted system with --innodb-sys-tablespace-encrypt=OFF
Pattern found.
# Start encrypted system without early-plugin-load and only --plugin-load
Pattern found.
# Start encrypted system without keyring_data
Pattern found.
# Start the instance with encrypted system tablespace
# restart: --datadir=MYSQLD_DATADIR1 --innodb-sys-tablespace-encrypt=ON
SELECT @@innodb_sys_tablespace_encrypt;
@@innodb_sys_tablespace_encrypt
1
CREATE TABLE t1(a TEXT) TABLESPACE = innodb_system, ENCRYPTION='Y';
CREATE TABLE t2(a TEXT) TABLESPACE = innodb_system, ENCRYPTION='N';
ERROR HY000: InnoDB: Tablespace `innodb_system` can contain only an ENCRYPTED tables.
CREATE TABLE t3(a TEXT) TABLESPACE = innodb_system;
ERROR HY000: InnoDB: Tablespace `innodb_system` can contain only an ENCRYPTED tables.
# System is encrypted, test with innodb_encrypt_tables=OFF
SET GLOBAL innodb_encrypt_tables=OFF;
SELECT @@innodb_encrypt_tables;
@@innodb_encrypt_tables
OFF
CREATE TABLE t4(a TEXT) TABLESPACE = innodb_system;
ERROR HY000: InnoDB: Tablespace `innodb_system` can contain only an ENCRYPTED tables.
CREATE TABLE t4_1(a TEXT) TABLESPACE = innodb_system, ENCRYPTION='N';
ERROR HY000: InnoDB: Tablespace `innodb_system` can contain only an ENCRYPTED tables.
CREATE TABLE t4_2(a TEXT) TABLESPACE = innodb_system, ENCRYPTION='Y';
DROP TABLE t4_2;
# System is encrypted, test with innodb_encrypt_tables=ON
SET GLOBAL innodb_encrypt_tables=ON;
SELECT @@innodb_encrypt_tables;
@@innodb_encrypt_tables
ON
CREATE TABLE t5(a TEXT) TABLESPACE = innodb_system;
CREATE TABLE t5_1(a TEXT) TABLESPACE = innodb_system, ENCRYPTION='N';
ERROR HY000: InnoDB: Tablespace `innodb_system` can contain only an ENCRYPTED tables.
CREATE TABLE t5_2(a TEXT) TABLESPACE = innodb_system, ENCRYPTION='Y';
DROP TABLE t5_2;
# System is encrypted, test with innodb_encrypt_tables=FORCE
SET GLOBAL innodb_encrypt_tables="FORCE";
SELECT @@innodb_encrypt_tables;
@@innodb_encrypt_tables
FORCE
CREATE TABLE t5_3(a TEXT) TABLESPACE = innodb_system;
CREATE TABLE t5_4(a TEXT) TABLESPACE = innodb_system, ENCRYPTION='N';
ERROR HY000: InnoDB: Only Master Key encrypted tables (ENCRYPTION='Y') can be created with innodb_encrypt_tables=FORCE.
CREATE TABLE t5_5(a TEXT) TABLESPACE = innodb_system, ENCRYPTION='Y';
DROP TABLE t5_5;
SET GLOBAL innodb_encrypt_tables=default;
INSERT INTO t1 (a) VALUES ('Abracadabra is of unknown origin, and its first occurrence is');
INSERT INTO t5 (a) VALUES ('Abracadabra is of unknown origin, and its first occurrence is');
# rebuild a table remains encrypted
CREATE TABLE t6(a TEXT) TABLESPACE = innodb_system, ENCRYPTION='Y';
INSERT INTO t6 (a) VALUES ('Abracadabra is of unknown origin, and its first occurrence is');
ALTER TABLE t6 ALGORITHM=COPY, TABLESPACE=innodb_system;
SHOW CREATE TABLE t6;
Table	Create Table
t6	CREATE TABLE `t6` (
  `a` text
) /*!50100 TABLESPACE `innodb_system` */ ENGINE=InnoDB DEFAULT CHARSET=latin1 ENCRYPTION='Y'
CREATE TABLE t7(a TEXT) TABLESPACE = innodb_system, ENCRYPTION='Y';
INSERT INTO t7 (a) VALUES ('Abracadabra is of unknown origin, and its first occurrence is');
ALTER TABLE t7 ALGORITHM=COPY;
SHOW CREATE TABLE t7;
Table	Create Table
t7	CREATE TABLE `t7` (
  `a` text
) /*!50100 TABLESPACE `innodb_system` */ ENGINE=InnoDB DEFAULT CHARSET=latin1 ENCRYPTION='Y'
# rebuild to a table unencrypted and in system should be disalowed
ALTER TABLE t7 ALGORITHM=COPY, ENCRYPTION='N';
ERROR HY000: InnoDB: Tablespace `innodb_system` can contain only an ENCRYPTED tables.
SHOW CREATE TABLE t7;
Table	Create Table
t7	CREATE TABLE `t7` (
  `a` text
) /*!50100 TABLESPACE `innodb_system` */ ENGINE=InnoDB DEFAULT CHARSET=latin1 ENCRYPTION='Y'
ALTER TABLE t7 ENCRYPTION='N';
ERROR HY000: InnoDB: Tablespace `innodb_system` can contain only an ENCRYPTED tables.
SHOW CREATE TABLE t7;
Table	Create Table
t7	CREATE TABLE `t7` (
  `a` text
) /*!50100 TABLESPACE `innodb_system` */ ENGINE=InnoDB DEFAULT CHARSET=latin1 ENCRYPTION='Y'
# Move encrypted table in system tablespace to file_per_table tablespace
# t7 should be encrypted table. Verify the ibd later
ALTER TABLE t7 TABLESPACE=`innodb_file_per_table`;
SHOW CREATE TABLE t7;
Table	Create Table
t7	CREATE TABLE `t7` (
  `a` text
) /*!50100 TABLESPACE `innodb_file_per_table` */ ENGINE=InnoDB DEFAULT CHARSET=latin1 ENCRYPTION='Y'
# Move encrypted table in sytem tablespace as an unencrypted table
ALTER TABLE t6 TABLESPACE=`innodb_file_per_table`, ENCRYPTION='N';
SHOW CREATE TABLE t6;
Table	Create Table
t6	CREATE TABLE `t6` (
  `a` text
) /*!50100 TABLESPACE `innodb_file_per_table` */ ENGINE=InnoDB DEFAULT CHARSET=latin1 ENCRYPTION='N'
# Move unencrypted file_per_table to a table in encrypted system tablespace
CREATE TABLE t8(a TEXT);
INSERT INTO t8 (a) VALUES ('Abracadabra is of unknown origin, and its first occurrence is');
ALTER TABLE t8 TABLESPACE=`innodb_system`;
ERROR HY000: InnoDB: Tablespace `innodb_system` can contain only an ENCRYPTED tables.
ALTER TABLE t8 TABLESPACE=`innodb_system`, ENCRYPTION='Y';
# Move encrypted file_per_table to a table in encrypted system tablespace
CREATE TABLE t9(a TEXT) ENCRYPTION='Y';
INSERT INTO t9 (a) VALUES ('Abracadabra is of unknown origin, and its first occurrence is');
ALTER TABLE t9 TABLESPACE=`innodb_system`;
# make sure that system tablespace is encrypted
Pattern not found.
Pattern not found.
# Start default MTR instance
# restart
