SET DEFAULT_STORAGE_ENGINE='tokudb';
drop table if exists t1;
CREATE TABLE `t1` (`id` int(11) NOT NULL, PRIMARY KEY (`id`));
INSERT INTO t1 VALUES (1),(2),(3);
SELECT * FROM t1;
id
1
2
3
SET TIMESTAMP= UNIX_TIMESTAMP('2017-12-12 12:12:12');
ALTER TABLE t1 ADD COLUMN gmt_time DATETIME NOT NULL DEFAULT CURRENT_TIMESTAMP;
SELECT * FROM t1;
id	gmt_time
1	2017-00-00 00:00:00
2	2017-00-00 00:00:00
3	2017-00-00 00:00:00
ALTER TABLE t1 DROP COLUMN gmt_time;
SET tokudb_disable_hot_alter=ON;
SET TIMESTAMP= UNIX_TIMESTAMP('2017-12-12 12:12:12');
ALTER TABLE t1 ADD COLUMN gmt_time DATETIME NOT NULL DEFAULT CURRENT_TIMESTAMP;
SELECT * FROM t1;
id	gmt_time
1	2017-00-00 00:00:00
2	2017-00-00 00:00:00
3	2017-00-00 00:00:00
DROP TABLE t1;
