SET DEFAULT_STORAGE_ENGINE='tokudb';
DROP TABLE IF EXISTS t1;
set tokudb_prelock_empty=off;
create table t1(a int, b int, c int, d int, primary key(a), clustering key(b))engine=tokudb;
show create table t1;
Table	Create Table
t1	CREATE TABLE `t1` (
  `a` int NOT NULL,
  `b` int DEFAULT NULL,
  `c` int DEFAULT NULL,
  `d` int DEFAULT NULL,
  PRIMARY KEY (`a`),
  CLUSTERING KEY `b` (`b`)
) ENGINE=TokuDB DEFAULT CHARSET=utf8mb4 COLLATE=utf8mb4_0900_ai_ci
create clustering index foo on t1(c,d);
show create table t1;
Table	Create Table
t1	CREATE TABLE `t1` (
  `a` int NOT NULL,
  `b` int DEFAULT NULL,
  `c` int DEFAULT NULL,
  `d` int DEFAULT NULL,
  PRIMARY KEY (`a`),
  CLUSTERING KEY `b` (`b`),
  CLUSTERING KEY `foo` (`c`,`d`)
) ENGINE=TokuDB DEFAULT CHARSET=utf8mb4 COLLATE=utf8mb4_0900_ai_ci
alter table t1 drop primary key;
alter table t1 add primary key (a,b,c,d);
alter table t1 add clustering key bar(d,c,b,a);
show create table t1;
Table	Create Table
t1	CREATE TABLE `t1` (
  `a` int NOT NULL,
  `b` int NOT NULL,
  `c` int NOT NULL,
  `d` int NOT NULL,
  PRIMARY KEY (`a`,`b`,`c`,`d`),
  CLUSTERING KEY `b` (`b`),
  CLUSTERING KEY `foo` (`c`,`d`),
  CLUSTERING KEY `bar` (`d`,`c`,`b`,`a`)
) ENGINE=TokuDB DEFAULT CHARSET=utf8mb4 COLLATE=utf8mb4_0900_ai_ci
insert into t1 value (1,1,1,1),(2,2,2,2),(3,3,3,3),(4,4,4,4),(32,54,12,56);
explain select * from t1;
id	select_type	table	partitions	type	possible_keys	key	key_len	ref	rows	filtered	Extra
1	SIMPLE	t1	NULL	index	NULL	b	4	NULL	5	100.00	Using index
Warnings:
Note	1003	/* select#1 */ select `test`.`t1`.`a` AS `a`,`test`.`t1`.`b` AS `b`,`test`.`t1`.`c` AS `c`,`test`.`t1`.`d` AS `d` from `test`.`t1`
select * from t1;
a	b	c	d
1	1	1	1
2	2	2	2
3	3	3	3
4	4	4	4
32	54	12	56
explain select d from t1 where d > 30;
id	select_type	table	partitions	type	possible_keys	key	key_len	ref	rows	filtered	Extra
1	SIMPLE	t1	NULL	range	PRIMARY,b,foo,bar	bar	4	NULL	1	100.00	Using where; Using index
Warnings:
Note	1003	/* select#1 */ select `test`.`t1`.`d` AS `d` from `test`.`t1` where (`test`.`t1`.`d` > 30)
select * from t1 where d > 30;
a	b	c	d
32	54	12	56
drop table t1;
