set default_storage_engine='tokudb';
DROP TABLE IF EXISTS t;
CREATE TABLE t (a INT NOT NULL AUTO_INCREMENT, b INT, PRIMARY KEY(a), CLUSTERING KEY b(b)) ENGINE=TokuDB
PARTITION BY RANGE(a) (PARTITION p0 VALUES LESS THAN (100) ENGINE = TokuDB, PARTITION p2 VALUES LESS THAN MAXVALUE ENGINE = TokuDB);
Warnings:
Warning	1287	The partition engine, used by table 'test.t', is deprecated and will be removed in a future release. Please use native partitioning instead.
SHOW CREATE TABLE t;
Table	Create Table
t	CREATE TABLE `t` (
  `a` int(11) NOT NULL AUTO_INCREMENT,
  `b` int(11) DEFAULT NULL,
  PRIMARY KEY (`a`),
  CLUSTERING KEY `b` (`b`)
) ENGINE=TokuDB DEFAULT CHARSET=latin1
/*!50100 PARTITION BY RANGE (a)
(PARTITION p0 VALUES LESS THAN (100) ENGINE = TokuDB,
 PARTITION p2 VALUES LESS THAN MAXVALUE ENGINE = TokuDB) */
Warnings:
Warning	1287	The partition engine, used by table 'test.t', is deprecated and will be removed in a future release. Please use native partitioning instead.
DROP TABLE t;
CREATE TABLE t (x INT NOT NULL, y INT NOT NULL, PRIMARY KEY(x))
PARTITION BY HASH(x) PARTITIONS 2;
Warnings:
Warning	1287	The partition engine, used by table 'test.t', is deprecated and will be removed in a future release. Please use native partitioning instead.
SHOW CREATE TABLE t;
Table	Create Table
t	CREATE TABLE `t` (
  `x` int(11) NOT NULL,
  `y` int(11) NOT NULL,
  PRIMARY KEY (`x`)
) ENGINE=TokuDB DEFAULT CHARSET=latin1
/*!50100 PARTITION BY HASH (x)
PARTITIONS 2 */
Warnings:
Warning	1287	The partition engine, used by table 'test.t', is deprecated and will be removed in a future release. Please use native partitioning instead.
ALTER TABLE t ADD CLUSTERING KEY(y);
Warnings:
Warning	1287	The partition engine, used by table 'test.t', is deprecated and will be removed in a future release. Please use native partitioning instead.
SHOW CREATE TABLE t;
Table	Create Table
t	CREATE TABLE `t` (
  `x` int(11) NOT NULL,
  `y` int(11) NOT NULL,
  PRIMARY KEY (`x`),
  CLUSTERING KEY `y` (`y`)
) ENGINE=TokuDB DEFAULT CHARSET=latin1
/*!50100 PARTITION BY HASH (x)
PARTITIONS 2 */
Warnings:
Warning	1287	The partition engine, used by table 'test.t', is deprecated and will be removed in a future release. Please use native partitioning instead.
DROP TABLE t;
CREATE TABLE t1(a INT, b INT, c INT, d INT, PRIMARY KEY(a,b,c), CLUSTERING KEY(b), KEY (c)) ENGINE=TOKUDB
PARTITION BY RANGE(a) (PARTITION p0 VALUES LESS THAN (5) ENGINE = TOKUDB, PARTITION p2 VALUES LESS THAN MAXVALUE ENGINE = TOKUDB);
Warnings:
Warning	1287	The partition engine, used by table 'test.t1', is deprecated and will be removed in a future release. Please use native partitioning instead.
insert into t1 values (1,10,100,1000),(2,20,200,2000),(3,30,300,3000),(4,40,400,4000),(5,50,500,5000),(6,60,600,6000),(7,70,700,7000),(8,80,800,8000),(9,90,900,9000);
Warnings:
Warning	1287	The partition engine, used by table 'test.t1', is deprecated and will be removed in a future release. Please use native partitioning instead.
explain select * from t1 where a > 5;
id	select_type	table	partitions	type	possible_keys	key	key_len	ref	rows	filtered	Extra
1	SIMPLE	t1	p2	range	PRIMARY	PRIMARY	4	NULL;	4	100.00	Using where
Warnings:
Note	1003	/* select#1 */ select `test`.`t1`.`a` AS `a`,`test`.`t1`.`b` AS `b`,`test`.`t1`.`c` AS `c`,`test`.`t1`.`d` AS `d` from `test`.`t1` where (`test`.`t1`.`a` > 5)
select * from t1 where a > 5;
a	b	c	d
6	60	600	6000
7	70	700	7000
8	80	800	8000
9	90	900	9000
explain select * from t1 where b > 30;
id	select_type	table	partitions	type	possible_keys	key	key_len	ref	rows	filtered	Extra
1	SIMPLE	t1	p0,p2	range	b	b	4	NULL;	2	100.00	Using where
Warnings:
Note	1003	/* select#1 */ select `test`.`t1`.`a` AS `a`,`test`.`t1`.`b` AS `b`,`test`.`t1`.`c` AS `c`,`test`.`t1`.`d` AS `d` from `test`.`t1` where (`test`.`t1`.`b` > 30)
select * from t1 where b > 30;
a	b	c	d
4	40	400	4000
5	50	500	5000
6	60	600	6000
7	70	700	7000
8	80	800	8000
9	90	900	9000
explain select * from t1 where c > 750;
id	select_type	table	partitions	type	possible_keys	key	key_len	ref	rows	filtered	Extra
1	SIMPLE	t1	p0,p2	range	c	c	4	NULL;	2	100.00	Using where
Warnings:
Note	1003	/* select#1 */ select `test`.`t1`.`a` AS `a`,`test`.`t1`.`b` AS `b`,`test`.`t1`.`c` AS `c`,`test`.`t1`.`d` AS `d` from `test`.`t1` where (`test`.`t1`.`c` > 750)
select * from t1 where c > 750;
a	b	c	d
8	80	800	8000
9	90	900	9000
explain select a from t1 where a > 8;
id	select_type	table	partitions	type	possible_keys	key	key_len	ref	rows	filtered	Extra
1	SIMPLE	t1	p2	range	PRIMARY	PRIMARY	4	NULL;	1	100.00	Using where; Using index
Warnings:
Note	1003	/* select#1 */ select `test`.`t1`.`a` AS `a` from `test`.`t1` where (`test`.`t1`.`a` > 8)
select a from t1 where a > 8;
a
9
explain select a,b from t1 where b > 30;
id	select_type	table	partitions	type	possible_keys	key	key_len	ref	rows	filtered	Extra
1	SIMPLE	t1	p0,p2	range	b	b	4	NULL;	2	100.00	Using where; Using index
Warnings:
Note	1003	/* select#1 */ select `test`.`t1`.`a` AS `a`,`test`.`t1`.`b` AS `b` from `test`.`t1` where (`test`.`t1`.`b` > 30)
select a,b from t1 where b > 30;
a	b
4	40
5	50
6	60
7	70
8	80
9	90
explain select a,b from t1 where c > 750;
id	select_type	table	partitions	type	possible_keys	key	key_len	ref	rows	filtered	Extra
1	SIMPLE	t1	p0,p2	range	c	c	4	NULL;	2	100.00	Using where; Using index
Warnings:
Note	1003	/* select#1 */ select `test`.`t1`.`a` AS `a`,`test`.`t1`.`b` AS `b` from `test`.`t1` where (`test`.`t1`.`c` > 750)
select a,c from t1 where c > 750;
a	c
8	800
9	900
alter table t1 add clustering index bdca(b,d,c,a);
Warnings:
Warning	1287	The partition engine, used by table 'test.t1', is deprecated and will be removed in a future release. Please use native partitioning instead.
insert into t1 values (10,10,10,10);
alter table t1 drop index bdca;
Warnings:
Warning	1287	The partition engine, used by table 'test.t1', is deprecated and will be removed in a future release. Please use native partitioning instead.
alter table t1 drop primary key;
Warnings:
Warning	1287	The partition engine, used by table 'test.t1', is deprecated and will be removed in a future release. Please use native partitioning instead.
explain select * from t1 where a > 5;
id	select_type	table	partitions	type	possible_keys	key	key_len	ref	rows	filtered	Extra
1	SIMPLE	t1	p2	ALL	NULL	NULL	NULL	NULL;	6	33.33	Using where
Warnings:
Warning	1287	The partition engine, used by table 'test.t1', is deprecated and will be removed in a future release. Please use native partitioning instead.
Note	1003	/* select#1 */ select `test`.`t1`.`a` AS `a`,`test`.`t1`.`b` AS `b`,`test`.`t1`.`c` AS `c`,`test`.`t1`.`d` AS `d` from `test`.`t1` where (`test`.`t1`.`a` > 5)
select * from t1 where a > 5;
a	b	c	d
6	60	600	6000
7	70	700	7000
8	80	800	8000
9	90	900	9000
10	10	10	10
explain select * from t1 where b > 30;
id	select_type	table	partitions	type	possible_keys	key	key_len	ref	rows	filtered	Extra
1	SIMPLE	t1	p0,p2	range	b	b	4	NULL;	8	100.00	Using where
Warnings:
Note	1003	/* select#1 */ select `test`.`t1`.`a` AS `a`,`test`.`t1`.`b` AS `b`,`test`.`t1`.`c` AS `c`,`test`.`t1`.`d` AS `d` from `test`.`t1` where (`test`.`t1`.`b` > 30)
select * from t1 where b > 30;
a	b	c	d
4	40	400	4000
5	50	500	5000
6	60	600	6000
7	70	700	7000
8	80	800	8000
9	90	900	9000
explain select * from t1 where c > 750;
id	select_type	table	partitions	type	possible_keys	key	key_len	ref	rows	filtered	Extra
1	SIMPLE	t1	p0,p2	range	c	c	4	NULL;	3	100.00	Using where
Warnings:
Note	1003	/* select#1 */ select `test`.`t1`.`a` AS `a`,`test`.`t1`.`b` AS `b`,`test`.`t1`.`c` AS `c`,`test`.`t1`.`d` AS `d` from `test`.`t1` where (`test`.`t1`.`c` > 750)
select * from t1 where c > 750;
a	b	c	d
8	80	800	8000
9	90	900	9000
explain select b from t1 where b > 30;
id	select_type	table	partitions	type	possible_keys	key	key_len	ref	rows	filtered	Extra
1	SIMPLE	t1	p0,p2	range	b	b	4	NULL;	8	100.00	Using where; Using index
Warnings:
Note	1003	/* select#1 */ select `test`.`t1`.`b` AS `b` from `test`.`t1` where (`test`.`t1`.`b` > 30)
select b from t1 where b > 30;
b
40
50
60
70
80
90
explain select b from t1 where c > 750;
id	select_type	table	partitions	type	possible_keys	key	key_len	ref	rows	filtered	Extra
1	SIMPLE	t1	p0,p2	range	c	c	4	NULL;	3	100.00	Using where
Warnings:
Note	1003	/* select#1 */ select `test`.`t1`.`b` AS `b` from `test`.`t1` where (`test`.`t1`.`c` > 750)
select c from t1 where c > 750;
c
800
900
alter table t1 add e varchar(20);
Warnings:
Warning	1287	The partition engine, used by table 'test.t1', is deprecated and will be removed in a future release. Please use native partitioning instead.
alter table t1 add primary key (a,b,c);
Warnings:
Warning	1287	The partition engine, used by table 'test.t1', is deprecated and will be removed in a future release. Please use native partitioning instead.
explain select * from t1 where a > 5;
id	select_type	table	partitions	type	possible_keys	key	key_len	ref	rows	filtered	Extra
1	SIMPLE	t1	p2	range	PRIMARY	PRIMARY	4	NULL;	5	100.00	Using where
Warnings:
Warning	1287	The partition engine, used by table 'test.t1', is deprecated and will be removed in a future release. Please use native partitioning instead.
Note	1003	/* select#1 */ select `test`.`t1`.`a` AS `a`,`test`.`t1`.`b` AS `b`,`test`.`t1`.`c` AS `c`,`test`.`t1`.`d` AS `d`,`test`.`t1`.`e` AS `e` from `test`.`t1` where (`test`.`t1`.`a` > 5)
select * from t1 where a > 5;
a	b	c	d	e
6	60	600	6000	NULL
7	70	700	7000	NULL
8	80	800	8000	NULL
9	90	900	9000	NULL
10	10	10	10	NULL
explain select * from t1 where b > 30;
id	select_type	table	partitions	type	possible_keys	key	key_len	ref	rows	filtered	Extra
1	SIMPLE	t1	p0,p2	range	b	b	4	NULL;	8	100.00	Using where
Warnings:
Note	1003	/* select#1 */ select `test`.`t1`.`a` AS `a`,`test`.`t1`.`b` AS `b`,`test`.`t1`.`c` AS `c`,`test`.`t1`.`d` AS `d`,`test`.`t1`.`e` AS `e` from `test`.`t1` where (`test`.`t1`.`b` > 30)
select * from t1 where b > 30;
a	b	c	d	e
4	40	400	4000	NULL
5	50	500	5000	NULL
6	60	600	6000	NULL
7	70	700	7000	NULL
8	80	800	8000	NULL
9	90	900	9000	NULL
explain select * from t1 where c > 750;
id	select_type	table	partitions	type	possible_keys	key	key_len	ref	rows	filtered	Extra
1	SIMPLE	t1	p0,p2	range	c	c	4	NULL;	3	100.00	Using where
Warnings:
Note	1003	/* select#1 */ select `test`.`t1`.`a` AS `a`,`test`.`t1`.`b` AS `b`,`test`.`t1`.`c` AS `c`,`test`.`t1`.`d` AS `d`,`test`.`t1`.`e` AS `e` from `test`.`t1` where (`test`.`t1`.`c` > 750)
select * from t1 where c > 750;
a	b	c	d	e
8	80	800	8000	NULL
9	90	900	9000	NULL
explain select a from t1 where a > 8;
id	select_type	table	partitions	type	possible_keys	key	key_len	ref	rows	filtered	Extra
1	SIMPLE	t1	p2	range	PRIMARY	PRIMARY	4	NULL;	2	100.00	Using where; Using index
Warnings:
Note	1003	/* select#1 */ select `test`.`t1`.`a` AS `a` from `test`.`t1` where (`test`.`t1`.`a` > 8)
select a from t1 where a > 8;
a
9
10
explain select a,b from t1 where b > 30;
id	select_type	table	partitions	type	possible_keys	key	key_len	ref	rows	filtered	Extra
1	SIMPLE	t1	p0,p2	range	b	b	4	NULL;	8	100.00	Using where; Using index
Warnings:
Note	1003	/* select#1 */ select `test`.`t1`.`a` AS `a`,`test`.`t1`.`b` AS `b` from `test`.`t1` where (`test`.`t1`.`b` > 30)
select a,b from t1 where b > 30;
a	b
4	40
5	50
6	60
7	70
8	80
9	90
explain select a,b from t1 where c > 750;
id	select_type	table	partitions	type	possible_keys	key	key_len	ref	rows	filtered	Extra
1	SIMPLE	t1	p0,p2	range	c	c	4	NULL;	3	100.00	Using where; Using index
Warnings:
Note	1003	/* select#1 */ select `test`.`t1`.`a` AS `a`,`test`.`t1`.`b` AS `b` from `test`.`t1` where (`test`.`t1`.`c` > 750)
select a,c from t1 where c > 750;
a	c
8	800
9	900
alter table t1 drop primary key;
Warnings:
Warning	1287	The partition engine, used by table 'test.t1', is deprecated and will be removed in a future release. Please use native partitioning instead.
explain select * from t1 where a > 5;
id	select_type	table	partitions	type	possible_keys	key	key_len	ref	rows	filtered	Extra
1	SIMPLE	t1	p2	ALL	NULL	NULL	NULL	NULL;	6	33.33	Using where
Warnings:
Warning	1287	The partition engine, used by table 'test.t1', is deprecated and will be removed in a future release. Please use native partitioning instead.
Note	1003	/* select#1 */ select `test`.`t1`.`a` AS `a`,`test`.`t1`.`b` AS `b`,`test`.`t1`.`c` AS `c`,`test`.`t1`.`d` AS `d`,`test`.`t1`.`e` AS `e` from `test`.`t1` where (`test`.`t1`.`a` > 5)
select * from t1 where a > 5;
a	b	c	d	e
6	60	600	6000	NULL
7	70	700	7000	NULL
8	80	800	8000	NULL
9	90	900	9000	NULL
10	10	10	10	NULL
explain select * from t1 where b > 30;
id	select_type	table	partitions	type	possible_keys	key	key_len	ref	rows	filtered	Extra
1	SIMPLE	t1	p0,p2	range	b	b	4	NULL;	8	100.00	Using where
Warnings:
Note	1003	/* select#1 */ select `test`.`t1`.`a` AS `a`,`test`.`t1`.`b` AS `b`,`test`.`t1`.`c` AS `c`,`test`.`t1`.`d` AS `d`,`test`.`t1`.`e` AS `e` from `test`.`t1` where (`test`.`t1`.`b` > 30)
select * from t1 where b > 30;
a	b	c	d	e
4	40	400	4000	NULL
5	50	500	5000	NULL
6	60	600	6000	NULL
7	70	700	7000	NULL
8	80	800	8000	NULL
9	90	900	9000	NULL
explain select * from t1 where c > 750;
id	select_type	table	partitions	type	possible_keys	key	key_len	ref	rows	filtered	Extra
1	SIMPLE	t1	p0,p2	range	c	c	4	NULL;	3	100.00	Using where
Warnings:
Note	1003	/* select#1 */ select `test`.`t1`.`a` AS `a`,`test`.`t1`.`b` AS `b`,`test`.`t1`.`c` AS `c`,`test`.`t1`.`d` AS `d`,`test`.`t1`.`e` AS `e` from `test`.`t1` where (`test`.`t1`.`c` > 750)
select * from t1 where c > 750;
a	b	c	d	e
8	80	800	8000	NULL
9	90	900	9000	NULL
explain select b from t1 where b > 30;
id	select_type	table	partitions	type	possible_keys	key	key_len	ref	rows	filtered	Extra
1	SIMPLE	t1	p0,p2	range	b	b	4	NULL;	8	100.00	Using where; Using index
Warnings:
Note	1003	/* select#1 */ select `test`.`t1`.`b` AS `b` from `test`.`t1` where (`test`.`t1`.`b` > 30)
select b from t1 where b > 30;
b
40
50
60
70
80
90
explain select b from t1 where c > 750;
id	select_type	table	partitions	type	possible_keys	key	key_len	ref	rows	filtered	Extra
1	SIMPLE	t1	p0,p2	range	c	c	4	NULL;	3	100.00	Using where
Warnings:
Note	1003	/* select#1 */ select `test`.`t1`.`b` AS `b` from `test`.`t1` where (`test`.`t1`.`c` > 750)
select c from t1 where c > 750;
c
800
900
DROP TABLE t1;
CREATE TABLE t1(a INT, b INT, c INT, d INT, PRIMARY KEY(a,b,c), CLUSTERING KEY(b), KEY (c)) ENGINE=TOKUDB
PARTITION BY RANGE(b) (PARTITION p0 VALUES LESS THAN (50) ENGINE = TOKUDB, PARTITION p2 VALUES LESS THAN MAXVALUE ENGINE = TOKUDB);
Warnings:
Warning	1287	The partition engine, used by table 'test.t1', is deprecated and will be removed in a future release. Please use native partitioning instead.
insert into t1 values (1,10,100,1000),(2,20,200,2000),(3,30,300,3000),(4,40,400,4000),(5,50,500,5000),(6,60,600,6000),(7,70,700,7000),(8,80,800,8000),(9,90,900,9000);
Warnings:
Warning	1287	The partition engine, used by table 'test.t1', is deprecated and will be removed in a future release. Please use native partitioning instead.
explain select * from t1 where a > 5;
id	select_type	table	partitions	type	possible_keys	key	key_len	ref	rows	filtered	Extra
1	SIMPLE	t1	p0,p2	range	PRIMARY	PRIMARY	4	NULL;	2	100.00	Using where
Warnings:
Note	1003	/* select#1 */ select `test`.`t1`.`a` AS `a`,`test`.`t1`.`b` AS `b`,`test`.`t1`.`c` AS `c`,`test`.`t1`.`d` AS `d` from `test`.`t1` where (`test`.`t1`.`a` > 5)
select * from t1 where a > 5;
a	b	c	d
6	60	600	6000
7	70	700	7000
8	80	800	8000
9	90	900	9000
explain select * from t1 where b > 30;
id	select_type	table	partitions	type	possible_keys	key	key_len	ref	rows	filtered	Extra
1	SIMPLE	t1	p0,p2	range	b	b	4	NULL;	2	100.00	Using where
Warnings:
Note	1003	/* select#1 */ select `test`.`t1`.`a` AS `a`,`test`.`t1`.`b` AS `b`,`test`.`t1`.`c` AS `c`,`test`.`t1`.`d` AS `d` from `test`.`t1` where (`test`.`t1`.`b` > 30)
select * from t1 where b > 30;
a	b	c	d
4	40	400	4000
5	50	500	5000
6	60	600	6000
7	70	700	7000
8	80	800	8000
9	90	900	9000
explain select * from t1 where c > 750;
id	select_type	table	partitions	type	possible_keys	key	key_len	ref	rows	filtered	Extra
1	SIMPLE	t1	p0,p2	range	c	c	4	NULL;	2	100.00	Using where
Warnings:
Note	1003	/* select#1 */ select `test`.`t1`.`a` AS `a`,`test`.`t1`.`b` AS `b`,`test`.`t1`.`c` AS `c`,`test`.`t1`.`d` AS `d` from `test`.`t1` where (`test`.`t1`.`c` > 750)
select * from t1 where c > 750;
a	b	c	d
8	80	800	8000
9	90	900	9000
explain select a from t1 where a > 8;
id	select_type	table	partitions	type	possible_keys	key	key_len	ref	rows	filtered	Extra
1	SIMPLE	t1	p0,p2	range	PRIMARY	PRIMARY	4	NULL;	2	100.00	Using where; Using index
Warnings:
Note	1003	/* select#1 */ select `test`.`t1`.`a` AS `a` from `test`.`t1` where (`test`.`t1`.`a` > 8)
select a from t1 where a > 8;
a
9
explain select a,b from t1 where b > 30;
id	select_type	table	partitions	type	possible_keys	key	key_len	ref	rows	filtered	Extra
1	SIMPLE	t1	p0,p2	range	b	b	4	NULL;	2	100.00	Using where; Using index
Warnings:
Note	1003	/* select#1 */ select `test`.`t1`.`a` AS `a`,`test`.`t1`.`b` AS `b` from `test`.`t1` where (`test`.`t1`.`b` > 30)
select a,b from t1 where b > 30;
a	b
4	40
5	50
6	60
7	70
8	80
9	90
explain select a,b from t1 where c > 750;
id	select_type	table	partitions	type	possible_keys	key	key_len	ref	rows	filtered	Extra
1	SIMPLE	t1	p0,p2	range	c	c	4	NULL;	2	100.00	Using where; Using index
Warnings:
Note	1003	/* select#1 */ select `test`.`t1`.`a` AS `a`,`test`.`t1`.`b` AS `b` from `test`.`t1` where (`test`.`t1`.`c` > 750)
select a,c from t1 where c > 750;
a	c
8	800
9	900
alter table t1 add clustering index bdca(b,d,c,a);
Warnings:
Warning	1287	The partition engine, used by table 'test.t1', is deprecated and will be removed in a future release. Please use native partitioning instead.
insert into t1 values (10,10,10,10);
alter table t1 drop index bdca;
Warnings:
Warning	1287	The partition engine, used by table 'test.t1', is deprecated and will be removed in a future release. Please use native partitioning instead.
alter table t1 drop primary key;
Warnings:
Warning	1287	The partition engine, used by table 'test.t1', is deprecated and will be removed in a future release. Please use native partitioning instead.
explain select * from t1 where a > 5;
id	select_type	table	partitions	type	possible_keys	key	key_len	ref	rows	filtered	Extra
1	SIMPLE	t1	p0,p2	ALL	NULL	NULL	NULL	NULL;	10	33.33	Using where
Warnings:
Warning	1287	The partition engine, used by table 'test.t1', is deprecated and will be removed in a future release. Please use native partitioning instead.
Note	1003	/* select#1 */ select `test`.`t1`.`a` AS `a`,`test`.`t1`.`b` AS `b`,`test`.`t1`.`c` AS `c`,`test`.`t1`.`d` AS `d` from `test`.`t1` where (`test`.`t1`.`a` > 5)
select * from t1 where a > 5;
a	b	c	d
10	10	10	10
6	60	600	6000
7	70	700	7000
8	80	800	8000
9	90	900	9000
explain select * from t1 where b > 30;
id	select_type	table	partitions	type	possible_keys	key	key_len	ref	rows	filtered	Extra
1	SIMPLE	t1	p0,p2	range	b	b	4	NULL;	2	100.00	Using where
Warnings:
Note	1003	/* select#1 */ select `test`.`t1`.`a` AS `a`,`test`.`t1`.`b` AS `b`,`test`.`t1`.`c` AS `c`,`test`.`t1`.`d` AS `d` from `test`.`t1` where (`test`.`t1`.`b` > 30)
select * from t1 where b > 30;
a	b	c	d
4	40	400	4000
5	50	500	5000
6	60	600	6000
7	70	700	7000
8	80	800	8000
9	90	900	9000
explain select * from t1 where c > 750;
id	select_type	table	partitions	type	possible_keys	key	key_len	ref	rows	filtered	Extra
1	SIMPLE	t1	p0,p2	range	c	c	4	NULL;	2	100.00	Using where
Warnings:
Note	1003	/* select#1 */ select `test`.`t1`.`a` AS `a`,`test`.`t1`.`b` AS `b`,`test`.`t1`.`c` AS `c`,`test`.`t1`.`d` AS `d` from `test`.`t1` where (`test`.`t1`.`c` > 750)
select * from t1 where c > 750;
a	b	c	d
8	80	800	8000
9	90	900	9000
explain select b from t1 where b > 30;
id	select_type	table	partitions	type	possible_keys	key	key_len	ref	rows	filtered	Extra
1	SIMPLE	t1	p0,p2	range	b	b	4	NULL;	2	100.00	Using where; Using index
Warnings:
Note	1003	/* select#1 */ select `test`.`t1`.`b` AS `b` from `test`.`t1` where (`test`.`t1`.`b` > 30)
select b from t1 where b > 30;
b
40
50
60
70
80
90
explain select b from t1 where c > 750;
id	select_type	table	partitions	type	possible_keys	key	key_len	ref	rows	filtered	Extra
1	SIMPLE	t1	p0,p2	range	c	c	4	NULL;	2	100.00	Using where
Warnings:
Note	1003	/* select#1 */ select `test`.`t1`.`b` AS `b` from `test`.`t1` where (`test`.`t1`.`c` > 750)
select c from t1 where c > 750;
c
800
900
alter table t1 add e varchar(20);
Warnings:
Warning	1287	The partition engine, used by table 'test.t1', is deprecated and will be removed in a future release. Please use native partitioning instead.
alter table t1 add primary key (a,b,c);
Warnings:
Warning	1287	The partition engine, used by table 'test.t1', is deprecated and will be removed in a future release. Please use native partitioning instead.
explain select * from t1 where a > 5;
id	select_type	table	partitions	type	possible_keys	key	key_len	ref	rows	filtered	Extra
1	SIMPLE	t1	p0,p2	range	PRIMARY	PRIMARY	4	NULL;	2	100.00	Using where
Warnings:
Warning	1287	The partition engine, used by table 'test.t1', is deprecated and will be removed in a future release. Please use native partitioning instead.
Note	1003	/* select#1 */ select `test`.`t1`.`a` AS `a`,`test`.`t1`.`b` AS `b`,`test`.`t1`.`c` AS `c`,`test`.`t1`.`d` AS `d`,`test`.`t1`.`e` AS `e` from `test`.`t1` where (`test`.`t1`.`a` > 5)
select * from t1 where a > 5;
a	b	c	d	e
10	10	10	10	NULL
6	60	600	6000	NULL
7	70	700	7000	NULL
8	80	800	8000	NULL
9	90	900	9000	NULL
explain select * from t1 where b > 30;
id	select_type	table	partitions	type	possible_keys	key	key_len	ref	rows	filtered	Extra
1	SIMPLE	t1	p0,p2	range	b	b	4	NULL;	2	100.00	Using where
Warnings:
Note	1003	/* select#1 */ select `test`.`t1`.`a` AS `a`,`test`.`t1`.`b` AS `b`,`test`.`t1`.`c` AS `c`,`test`.`t1`.`d` AS `d`,`test`.`t1`.`e` AS `e` from `test`.`t1` where (`test`.`t1`.`b` > 30)
select * from t1 where b > 30;
a	b	c	d	e
4	40	400	4000	NULL
5	50	500	5000	NULL
6	60	600	6000	NULL
7	70	700	7000	NULL
8	80	800	8000	NULL
9	90	900	9000	NULL
explain select * from t1 where c > 750;
id	select_type	table	partitions	type	possible_keys	key	key_len	ref	rows	filtered	Extra
1	SIMPLE	t1	p0,p2	range	c	c	4	NULL;	2	100.00	Using where
Warnings:
Note	1003	/* select#1 */ select `test`.`t1`.`a` AS `a`,`test`.`t1`.`b` AS `b`,`test`.`t1`.`c` AS `c`,`test`.`t1`.`d` AS `d`,`test`.`t1`.`e` AS `e` from `test`.`t1` where (`test`.`t1`.`c` > 750)
select * from t1 where c > 750;
a	b	c	d	e
8	80	800	8000	NULL
9	90	900	9000	NULL
explain select a from t1 where a > 8;
id	select_type	table	partitions	type	possible_keys	key	key_len	ref	rows	filtered	Extra
1	SIMPLE	t1	p0,p2	range	PRIMARY	PRIMARY	4	NULL;	2	100.00	Using where; Using index
Warnings:
Note	1003	/* select#1 */ select `test`.`t1`.`a` AS `a` from `test`.`t1` where (`test`.`t1`.`a` > 8)
select a from t1 where a > 8;
a
10
9
explain select a,b from t1 where b > 30;
id	select_type	table	partitions	type	possible_keys	key	key_len	ref	rows	filtered	Extra
1	SIMPLE	t1	p0,p2	range	b	b	4	NULL;	2	100.00	Using where; Using index
Warnings:
Note	1003	/* select#1 */ select `test`.`t1`.`a` AS `a`,`test`.`t1`.`b` AS `b` from `test`.`t1` where (`test`.`t1`.`b` > 30)
select a,b from t1 where b > 30;
a	b
4	40
5	50
6	60
7	70
8	80
9	90
explain select a,b from t1 where c > 750;
id	select_type	table	partitions	type	possible_keys	key	key_len	ref	rows	filtered	Extra
1	SIMPLE	t1	p0,p2	range	c	c	4	NULL;	2	100.00	Using where; Using index
Warnings:
Note	1003	/* select#1 */ select `test`.`t1`.`a` AS `a`,`test`.`t1`.`b` AS `b` from `test`.`t1` where (`test`.`t1`.`c` > 750)
select a,c from t1 where c > 750;
a	c
8	800
9	900
alter table t1 drop primary key;
Warnings:
Warning	1287	The partition engine, used by table 'test.t1', is deprecated and will be removed in a future release. Please use native partitioning instead.
explain select * from t1 where a > 5;
id	select_type	table	partitions	type	possible_keys	key	key_len	ref	rows	filtered	Extra
1	SIMPLE	t1	p0,p2	ALL	NULL	NULL	NULL	NULL;	10	33.33	Using where
Warnings:
Warning	1287	The partition engine, used by table 'test.t1', is deprecated and will be removed in a future release. Please use native partitioning instead.
Note	1003	/* select#1 */ select `test`.`t1`.`a` AS `a`,`test`.`t1`.`b` AS `b`,`test`.`t1`.`c` AS `c`,`test`.`t1`.`d` AS `d`,`test`.`t1`.`e` AS `e` from `test`.`t1` where (`test`.`t1`.`a` > 5)
select * from t1 where a > 5;
a	b	c	d	e
10	10	10	10	NULL
6	60	600	6000	NULL
7	70	700	7000	NULL
8	80	800	8000	NULL
9	90	900	9000	NULL
explain select * from t1 where b > 30;
id	select_type	table	partitions	type	possible_keys	key	key_len	ref	rows	filtered	Extra
1	SIMPLE	t1	p0,p2	range	b	b	4	NULL;	2	100.00	Using where
Warnings:
Note	1003	/* select#1 */ select `test`.`t1`.`a` AS `a`,`test`.`t1`.`b` AS `b`,`test`.`t1`.`c` AS `c`,`test`.`t1`.`d` AS `d`,`test`.`t1`.`e` AS `e` from `test`.`t1` where (`test`.`t1`.`b` > 30)
select * from t1 where b > 30;
a	b	c	d	e
4	40	400	4000	NULL
5	50	500	5000	NULL
6	60	600	6000	NULL
7	70	700	7000	NULL
8	80	800	8000	NULL
9	90	900	9000	NULL
explain select * from t1 where c > 750;
id	select_type	table	partitions	type	possible_keys	key	key_len	ref	rows	filtered	Extra
1	SIMPLE	t1	p0,p2	range	c	c	4	NULL;	2	100.00	Using where
Warnings:
Note	1003	/* select#1 */ select `test`.`t1`.`a` AS `a`,`test`.`t1`.`b` AS `b`,`test`.`t1`.`c` AS `c`,`test`.`t1`.`d` AS `d`,`test`.`t1`.`e` AS `e` from `test`.`t1` where (`test`.`t1`.`c` > 750)
select * from t1 where c > 750;
a	b	c	d	e
8	80	800	8000	NULL
9	90	900	9000	NULL
explain select b from t1 where b > 30;
id	select_type	table	partitions	type	possible_keys	key	key_len	ref	rows	filtered	Extra
1	SIMPLE	t1	p0,p2	range	b	b	4	NULL;	2	100.00	Using where; Using index
Warnings:
Note	1003	/* select#1 */ select `test`.`t1`.`b` AS `b` from `test`.`t1` where (`test`.`t1`.`b` > 30)
select b from t1 where b > 30;
b
40
50
60
70
80
90
explain select b from t1 where c > 750;
id	select_type	table	partitions	type	possible_keys	key	key_len	ref	rows	filtered	Extra
1	SIMPLE	t1	p0,p2	range	c	c	4	NULL;	2	100.00	Using where
Warnings:
Note	1003	/* select#1 */ select `test`.`t1`.`b` AS `b` from `test`.`t1` where (`test`.`t1`.`c` > 750)
select c from t1 where c > 750;
c
800
900
DROP TABLE t1;
CREATE TABLE t1(a INT, b INT, c INT, d INT, PRIMARY KEY(a,b,c), CLUSTERING KEY(b), KEY (c)) ENGINE=TOKUDB
PARTITION BY RANGE(c) (PARTITION p0 VALUES LESS THAN (500) ENGINE = TOKUDB, PARTITION p2 VALUES LESS THAN MAXVALUE ENGINE = TOKUDB);
Warnings:
Warning	1287	The partition engine, used by table 'test.t1', is deprecated and will be removed in a future release. Please use native partitioning instead.
insert into t1 values (1,10,100,1000),(2,20,200,2000),(3,30,300,3000),(4,40,400,4000),(5,50,500,5000),(6,60,600,6000),(7,70,700,7000),(8,80,800,8000),(9,90,900,9000);
Warnings:
Warning	1287	The partition engine, used by table 'test.t1', is deprecated and will be removed in a future release. Please use native partitioning instead.
explain select * from t1 where a > 5;
id	select_type	table	partitions	type	possible_keys	key	key_len	ref	rows	filtered	Extra
1	SIMPLE	t1	p0,p2	range	PRIMARY	PRIMARY	4	NULL;	2	100.00	Using where
Warnings:
Note	1003	/* select#1 */ select `test`.`t1`.`a` AS `a`,`test`.`t1`.`b` AS `b`,`test`.`t1`.`c` AS `c`,`test`.`t1`.`d` AS `d` from `test`.`t1` where (`test`.`t1`.`a` > 5)
select * from t1 where a > 5;
a	b	c	d
6	60	600	6000
7	70	700	7000
8	80	800	8000
9	90	900	9000
explain select * from t1 where b > 30;
id	select_type	table	partitions	type	possible_keys	key	key_len	ref	rows	filtered	Extra
1	SIMPLE	t1	p0,p2	range	b	b	4	NULL;	2	100.00	Using where
Warnings:
Note	1003	/* select#1 */ select `test`.`t1`.`a` AS `a`,`test`.`t1`.`b` AS `b`,`test`.`t1`.`c` AS `c`,`test`.`t1`.`d` AS `d` from `test`.`t1` where (`test`.`t1`.`b` > 30)
select * from t1 where b > 30;
a	b	c	d
4	40	400	4000
5	50	500	5000
6	60	600	6000
7	70	700	7000
8	80	800	8000
9	90	900	9000
explain select * from t1 where c > 750;
id	select_type	table	partitions	type	possible_keys	key	key_len	ref	rows	filtered	Extra
1	SIMPLE	t1	p2	range	c	c	4	NULL;	2	100.00	Using where
Warnings:
Note	1003	/* select#1 */ select `test`.`t1`.`a` AS `a`,`test`.`t1`.`b` AS `b`,`test`.`t1`.`c` AS `c`,`test`.`t1`.`d` AS `d` from `test`.`t1` where (`test`.`t1`.`c` > 750)
select * from t1 where c > 750;
a	b	c	d
8	80	800	8000
9	90	900	9000
explain select a from t1 where a > 8;
id	select_type	table	partitions	type	possible_keys	key	key_len	ref	rows	filtered	Extra
1	SIMPLE	t1	p0,p2	range	PRIMARY	PRIMARY	4	NULL;	2	100.00	Using where; Using index
Warnings:
Note	1003	/* select#1 */ select `test`.`t1`.`a` AS `a` from `test`.`t1` where (`test`.`t1`.`a` > 8)
select a from t1 where a > 8;
a
9
explain select a,b from t1 where b > 30;
id	select_type	table	partitions	type	possible_keys	key	key_len	ref	rows	filtered	Extra
1	SIMPLE	t1	p0,p2	range	b	b	4	NULL;	2	100.00	Using where; Using index
Warnings:
Note	1003	/* select#1 */ select `test`.`t1`.`a` AS `a`,`test`.`t1`.`b` AS `b` from `test`.`t1` where (`test`.`t1`.`b` > 30)
select a,b from t1 where b > 30;
a	b
4	40
5	50
6	60
7	70
8	80
9	90
explain select a,b from t1 where c > 750;
id	select_type	table	partitions	type	possible_keys	key	key_len	ref	rows	filtered	Extra
1	SIMPLE	t1	p2	range	c	c	4	NULL;	2	100.00	Using where; Using index
Warnings:
Note	1003	/* select#1 */ select `test`.`t1`.`a` AS `a`,`test`.`t1`.`b` AS `b` from `test`.`t1` where (`test`.`t1`.`c` > 750)
select a,c from t1 where c > 750;
a	c
8	800
9	900
alter table t1 add clustering index bdca(b,d,c,a);
Warnings:
Warning	1287	The partition engine, used by table 'test.t1', is deprecated and will be removed in a future release. Please use native partitioning instead.
insert into t1 values (10,10,10,10);
alter table t1 drop index bdca;
Warnings:
Warning	1287	The partition engine, used by table 'test.t1', is deprecated and will be removed in a future release. Please use native partitioning instead.
alter table t1 drop primary key;
Warnings:
Warning	1287	The partition engine, used by table 'test.t1', is deprecated and will be removed in a future release. Please use native partitioning instead.
explain select * from t1 where a > 5;
id	select_type	table	partitions	type	possible_keys	key	key_len	ref	rows	filtered	Extra
1	SIMPLE	t1	p0,p2	ALL	NULL	NULL	NULL	NULL;	10	33.33	Using where
Warnings:
Warning	1287	The partition engine, used by table 'test.t1', is deprecated and will be removed in a future release. Please use native partitioning instead.
Note	1003	/* select#1 */ select `test`.`t1`.`a` AS `a`,`test`.`t1`.`b` AS `b`,`test`.`t1`.`c` AS `c`,`test`.`t1`.`d` AS `d` from `test`.`t1` where (`test`.`t1`.`a` > 5)
select * from t1 where a > 5;
a	b	c	d
10	10	10	10
6	60	600	6000
7	70	700	7000
8	80	800	8000
9	90	900	9000
explain select * from t1 where b > 30;
id	select_type	table	partitions	type	possible_keys	key	key_len	ref	rows	filtered	Extra
1	SIMPLE	t1	p0,p2	range	b	b	4	NULL;	2	100.00	Using where
Warnings:
Note	1003	/* select#1 */ select `test`.`t1`.`a` AS `a`,`test`.`t1`.`b` AS `b`,`test`.`t1`.`c` AS `c`,`test`.`t1`.`d` AS `d` from `test`.`t1` where (`test`.`t1`.`b` > 30)
select * from t1 where b > 30;
a	b	c	d
4	40	400	4000
5	50	500	5000
6	60	600	6000
7	70	700	7000
8	80	800	8000
9	90	900	9000
explain select * from t1 where c > 750;
id	select_type	table	partitions	type	possible_keys	key	key_len	ref	rows	filtered	Extra
1	SIMPLE	t1	p2	range	c	c	4	NULL;	2	100.00	Using where
Warnings:
Note	1003	/* select#1 */ select `test`.`t1`.`a` AS `a`,`test`.`t1`.`b` AS `b`,`test`.`t1`.`c` AS `c`,`test`.`t1`.`d` AS `d` from `test`.`t1` where (`test`.`t1`.`c` > 750)
select * from t1 where c > 750;
a	b	c	d
8	80	800	8000
9	90	900	9000
explain select b from t1 where b > 30;
id	select_type	table	partitions	type	possible_keys	key	key_len	ref	rows	filtered	Extra
1	SIMPLE	t1	p0,p2	range	b	b	4	NULL;	2	100.00	Using where; Using index
Warnings:
Note	1003	/* select#1 */ select `test`.`t1`.`b` AS `b` from `test`.`t1` where (`test`.`t1`.`b` > 30)
select b from t1 where b > 30;
b
40
50
60
70
80
90
explain select b from t1 where c > 750;
id	select_type	table	partitions	type	possible_keys	key	key_len	ref	rows	filtered	Extra
1	SIMPLE	t1	p2	range	c	c	4	NULL;	2	100.00	Using where
Warnings:
Note	1003	/* select#1 */ select `test`.`t1`.`b` AS `b` from `test`.`t1` where (`test`.`t1`.`c` > 750)
select c from t1 where c > 750;
c
800
900
alter table t1 add e varchar(20);
Warnings:
Warning	1287	The partition engine, used by table 'test.t1', is deprecated and will be removed in a future release. Please use native partitioning instead.
alter table t1 add primary key (a,b,c);
Warnings:
Warning	1287	The partition engine, used by table 'test.t1', is deprecated and will be removed in a future release. Please use native partitioning instead.
explain select * from t1 where a > 5;
id	select_type	table	partitions	type	possible_keys	key	key_len	ref	rows	filtered	Extra
1	SIMPLE	t1	p0,p2	range	PRIMARY	PRIMARY	4	NULL;	2	100.00	Using where
Warnings:
Warning	1287	The partition engine, used by table 'test.t1', is deprecated and will be removed in a future release. Please use native partitioning instead.
Note	1003	/* select#1 */ select `test`.`t1`.`a` AS `a`,`test`.`t1`.`b` AS `b`,`test`.`t1`.`c` AS `c`,`test`.`t1`.`d` AS `d`,`test`.`t1`.`e` AS `e` from `test`.`t1` where (`test`.`t1`.`a` > 5)
select * from t1 where a > 5;
a	b	c	d	e
10	10	10	10	NULL
6	60	600	6000	NULL
7	70	700	7000	NULL
8	80	800	8000	NULL
9	90	900	9000	NULL
explain select * from t1 where b > 30;
id	select_type	table	partitions	type	possible_keys	key	key_len	ref	rows	filtered	Extra
1	SIMPLE	t1	p0,p2	range	b	b	4	NULL;	2	100.00	Using where
Warnings:
Note	1003	/* select#1 */ select `test`.`t1`.`a` AS `a`,`test`.`t1`.`b` AS `b`,`test`.`t1`.`c` AS `c`,`test`.`t1`.`d` AS `d`,`test`.`t1`.`e` AS `e` from `test`.`t1` where (`test`.`t1`.`b` > 30)
select * from t1 where b > 30;
a	b	c	d	e
4	40	400	4000	NULL
5	50	500	5000	NULL
6	60	600	6000	NULL
7	70	700	7000	NULL
8	80	800	8000	NULL
9	90	900	9000	NULL
explain select * from t1 where c > 750;
id	select_type	table	partitions	type	possible_keys	key	key_len	ref	rows	filtered	Extra
1	SIMPLE	t1	p2	range	c	c	4	NULL;	2	100.00	Using where
Warnings:
Note	1003	/* select#1 */ select `test`.`t1`.`a` AS `a`,`test`.`t1`.`b` AS `b`,`test`.`t1`.`c` AS `c`,`test`.`t1`.`d` AS `d`,`test`.`t1`.`e` AS `e` from `test`.`t1` where (`test`.`t1`.`c` > 750)
select * from t1 where c > 750;
a	b	c	d	e
8	80	800	8000	NULL
9	90	900	9000	NULL
explain select a from t1 where a > 8;
id	select_type	table	partitions	type	possible_keys	key	key_len	ref	rows	filtered	Extra
1	SIMPLE	t1	p0,p2	range	PRIMARY	PRIMARY	4	NULL;	2	100.00	Using where; Using index
Warnings:
Note	1003	/* select#1 */ select `test`.`t1`.`a` AS `a` from `test`.`t1` where (`test`.`t1`.`a` > 8)
select a from t1 where a > 8;
a
10
9
explain select a,b from t1 where b > 30;
id	select_type	table	partitions	type	possible_keys	key	key_len	ref	rows	filtered	Extra
1	SIMPLE	t1	p0,p2	range	b	b	4	NULL;	2	100.00	Using where; Using index
Warnings:
Note	1003	/* select#1 */ select `test`.`t1`.`a` AS `a`,`test`.`t1`.`b` AS `b` from `test`.`t1` where (`test`.`t1`.`b` > 30)
select a,b from t1 where b > 30;
a	b
4	40
5	50
6	60
7	70
8	80
9	90
explain select a,b from t1 where c > 750;
id	select_type	table	partitions	type	possible_keys	key	key_len	ref	rows	filtered	Extra
1	SIMPLE	t1	p2	range	c	c	4	NULL;	2	100.00	Using where; Using index
Warnings:
Note	1003	/* select#1 */ select `test`.`t1`.`a` AS `a`,`test`.`t1`.`b` AS `b` from `test`.`t1` where (`test`.`t1`.`c` > 750)
select a,c from t1 where c > 750;
a	c
8	800
9	900
alter table t1 drop primary key;
Warnings:
Warning	1287	The partition engine, used by table 'test.t1', is deprecated and will be removed in a future release. Please use native partitioning instead.
explain select * from t1 where a > 5;
id	select_type	table	partitions	type	possible_keys	key	key_len	ref	rows	filtered	Extra
1	SIMPLE	t1	p0,p2	ALL	NULL	NULL	NULL	NULL;	10	33.33	Using where
Warnings:
Warning	1287	The partition engine, used by table 'test.t1', is deprecated and will be removed in a future release. Please use native partitioning instead.
Note	1003	/* select#1 */ select `test`.`t1`.`a` AS `a`,`test`.`t1`.`b` AS `b`,`test`.`t1`.`c` AS `c`,`test`.`t1`.`d` AS `d`,`test`.`t1`.`e` AS `e` from `test`.`t1` where (`test`.`t1`.`a` > 5)
select * from t1 where a > 5;
a	b	c	d	e
10	10	10	10	NULL
6	60	600	6000	NULL
7	70	700	7000	NULL
8	80	800	8000	NULL
9	90	900	9000	NULL
explain select * from t1 where b > 30;
id	select_type	table	partitions	type	possible_keys	key	key_len	ref	rows	filtered	Extra
1	SIMPLE	t1	p0,p2	range	b	b	4	NULL;	2	100.00	Using where
Warnings:
Note	1003	/* select#1 */ select `test`.`t1`.`a` AS `a`,`test`.`t1`.`b` AS `b`,`test`.`t1`.`c` AS `c`,`test`.`t1`.`d` AS `d`,`test`.`t1`.`e` AS `e` from `test`.`t1` where (`test`.`t1`.`b` > 30)
select * from t1 where b > 30;
a	b	c	d	e
4	40	400	4000	NULL
5	50	500	5000	NULL
6	60	600	6000	NULL
7	70	700	7000	NULL
8	80	800	8000	NULL
9	90	900	9000	NULL
explain select * from t1 where c > 750;
id	select_type	table	partitions	type	possible_keys	key	key_len	ref	rows	filtered	Extra
1	SIMPLE	t1	p2	range	c	c	4	NULL;	2	100.00	Using where
Warnings:
Note	1003	/* select#1 */ select `test`.`t1`.`a` AS `a`,`test`.`t1`.`b` AS `b`,`test`.`t1`.`c` AS `c`,`test`.`t1`.`d` AS `d`,`test`.`t1`.`e` AS `e` from `test`.`t1` where (`test`.`t1`.`c` > 750)
select * from t1 where c > 750;
a	b	c	d	e
8	80	800	8000	NULL
9	90	900	9000	NULL
explain select b from t1 where b > 30;
id	select_type	table	partitions	type	possible_keys	key	key_len	ref	rows	filtered	Extra
1	SIMPLE	t1	p0,p2	range	b	b	4	NULL;	2	100.00	Using where; Using index
Warnings:
Note	1003	/* select#1 */ select `test`.`t1`.`b` AS `b` from `test`.`t1` where (`test`.`t1`.`b` > 30)
select b from t1 where b > 30;
b
40
50
60
70
80
90
explain select b from t1 where c > 750;
id	select_type	table	partitions	type	possible_keys	key	key_len	ref	rows	filtered	Extra
1	SIMPLE	t1	p2	range	c	c	4	NULL;	2	100.00	Using where
Warnings:
Note	1003	/* select#1 */ select `test`.`t1`.`b` AS `b` from `test`.`t1` where (`test`.`t1`.`c` > 750)
select c from t1 where c > 750;
c
800
900
DROP TABLE t1;
