drop table if exists t;
select @@optimizer_switch;
@@optimizer_switch
index_merge=on,index_merge_union=on,index_merge_sort_union=on,index_merge_intersection=on,engine_condition_pushdown=on,index_condition_pushdown=on,mrr=on,mrr_cost_based=on,block_nested_loop=on,batched_key_access=off,materialization=on,semijoin=on,loosescan=on,firstmatch=on,duplicateweedout=on,subquery_materialization_cost_based=on,use_index_extensions=on,condition_fanout_filter=on,derived_merge=on
create table t (a int not null, b int not null, c int not null, d int not null, primary key(a,b), key(c,a)) engine=innodb;
insert into t values (0,0,0,0),(0,1,0,1);
explain select c,a,b from t where c=0 and a=0 and b=1;
id	select_type	table	partitions	type	possible_keys	key	key_len	ref	rows	filtered	Extra
1	SIMPLE	t	NULL	const	PRIMARY,c	PRIMARY	8	const,const	1	100.00	NULL
Warnings:
Note	1003	/* select#1 */ select '0' AS `c`,'0' AS `a`,'1' AS `b` from `test`.`t` where 1
flush status;
select c,a,b from t where c=0 and a=0 and b=1;
c	a	b
0	0	1
show status like 'handler_read%';
Variable_name	Value
Handler_read_first	0
Handler_read_key	1
Handler_read_last	0
Handler_read_next	0
Handler_read_prev	0
Handler_read_rnd	0
Handler_read_rnd_next	0
explain select c,a,b from t force index (c) where c=0 and a=0 and b=1;
id	select_type	table	partitions	type	possible_keys	key	key_len	ref	rows	filtered	Extra
1	SIMPLE	t	NULL	const	c	c	12	const,const,const	1	100.00	Using index
Warnings:
Note	1003	/* select#1 */ select `test`.`t`.`c` AS `c`,`test`.`t`.`a` AS `a`,`test`.`t`.`b` AS `b` from `test`.`t` FORCE INDEX (`c`) where ((`test`.`t`.`b` = 1) and (`test`.`t`.`a` = 0) and (`test`.`t`.`c` = 0))
flush status;
select c,a,b from t force index (c) where c=0 and a=0 and b=1;
c	a	b
0	0	1
show status like 'handler_read%';
Variable_name	Value
Handler_read_first	0
Handler_read_key	1
Handler_read_last	0
Handler_read_next	0
Handler_read_prev	0
Handler_read_rnd	0
Handler_read_rnd_next	0
drop table t;
