SET DEFAULT_STORAGE_ENGINE = 'tokudb';
# Establish connection conn1 (user = root)
DROP TABLE IF EXISTS foo,bar;
set session transaction isolation level repeatable read;
create table foo (a int, b varchar (100), primary key (a))engine=TokuDB;
create table bar like foo;
show create table foo;
Table	Create Table
foo	CREATE TABLE `foo` (
  `a` int NOT NULL,
  `b` varchar(100) DEFAULT NULL,
  PRIMARY KEY (`a`)
) ENGINE=TokuDB DEFAULT CHARSET=utf8mb4 COLLATE=utf8mb4_0900_ai_ci
show create table bar;
Table	Create Table
bar	CREATE TABLE `bar` (
  `a` int NOT NULL,
  `b` varchar(100) DEFAULT NULL,
  PRIMARY KEY (`a`)
) ENGINE=TokuDB DEFAULT CHARSET=utf8mb4 COLLATE=utf8mb4_0900_ai_ci
set session transaction isolation level repeatable read;
begin;
# should be empty
select * from foo;
a	b
begin;
# should be empty
select * from bar;
a	b
begin;
# should be empty
select * from foo;
a	b
insert into foo values (1,"g");
commit;
replace into foo values (1,"ga");
replace into foo values (1,"gar");
replace into foo values (1,"garb");
replace into foo values (1,"aaaa");
# should have one value
select * from foo;
a	b
1	aaaa
commit;
# should be empty
select * from foo;
a	b
commit;
# should be empty
select * from foo;
a	b
commit;
set session transaction isolation level serializable;
DROP TABLE foo,bar;
