SET DEFAULT_STORAGE_ENGINE='tokudb';
CREATE TABLE tokudb_row_format_test1 (i INT);
CREATE TABLE tokudb_row_format_test2 (i INT) ROW_FORMAT=TOKUDB_DEFAULT;
CREATE TABLE tokudb_row_format_test3 (i INT) ROW_FORMAT=TOKUDB_UNCOMPRESSED;
CREATE TABLE tokudb_row_format_test4 (i INT) ROW_FORMAT=TOKUDB_ZLIB;
CREATE TABLE tokudb_row_format_test5 (i INT) ROW_FORMAT=TOKUDB_QUICKLZ;
CREATE TABLE tokudb_row_format_test6 (i INT) ROW_FORMAT=TOKUDB_LZMA;
CREATE TABLE tokudb_row_format_test7 (i INT) ROW_FORMAT=TOKUDB_SNAPPY;
CREATE TABLE tokudb_row_format_test8 (i INT) ROW_FORMAT=TOKUDB_FAST;
CREATE TABLE tokudb_row_format_test9 (i INT) ROW_FORMAT=TOKUDB_SMALL;
CREATE TABLE tokudb_row_format_test_bad (i INT) ROW_FORMAT=TOKUDB_NONSENSE;
ERROR 42000: You have an error in your SQL syntax; check the manual that corresponds to your MySQL server version for the right syntax to use near 'TOKUDB_NONSENSE' at line 1
SELECT TABLE_NAME, ROW_FORMAT FROM INFORMATION_SCHEMA.TABLES WHERE TABLE_NAME LIKE 'tokudb_row_format_test%' ORDER BY TABLE_NAME;
TABLE_NAME	ROW_FORMAT
tokudb_row_format_test1	tokudb_zlib
tokudb_row_format_test2	tokudb_zlib
tokudb_row_format_test3	tokudb_uncompressed
tokudb_row_format_test4	tokudb_zlib
tokudb_row_format_test5	tokudb_quicklz
tokudb_row_format_test6	tokudb_lzma
tokudb_row_format_test7	tokudb_snappy
tokudb_row_format_test8	tokudb_quicklz
tokudb_row_format_test9	tokudb_lzma
ALTER TABLE tokudb_row_format_test1 ROW_FORMAT=TOKUDB_DEFAULT;
SELECT TABLE_NAME, ROW_FORMAT FROM INFORMATION_SCHEMA.TABLES WHERE TABLE_NAME = 'tokudb_row_format_test1';
TABLE_NAME	ROW_FORMAT
tokudb_row_format_test1	tokudb_zlib
ALTER TABLE tokudb_row_format_test1 ROW_FORMAT=TOKUDB_UNCOMPRESSED;
SELECT TABLE_NAME, ROW_FORMAT FROM INFORMATION_SCHEMA.TABLES WHERE TABLE_NAME = 'tokudb_row_format_test1';
TABLE_NAME	ROW_FORMAT
tokudb_row_format_test1	tokudb_uncompressed
ALTER TABLE tokudb_row_format_test1 ROW_FORMAT=TOKUDB_ZLIB;
SELECT TABLE_NAME, ROW_FORMAT FROM INFORMATION_SCHEMA.TABLES WHERE TABLE_NAME = 'tokudb_row_format_test1';
TABLE_NAME	ROW_FORMAT
tokudb_row_format_test1	tokudb_zlib
ALTER TABLE tokudb_row_format_test1 ROW_FORMAT=TOKUDB_QUICKLZ;
SELECT TABLE_NAME, ROW_FORMAT FROM INFORMATION_SCHEMA.TABLES WHERE TABLE_NAME = 'tokudb_row_format_test1';
TABLE_NAME	ROW_FORMAT
tokudb_row_format_test1	tokudb_quicklz
ALTER TABLE tokudb_row_format_test1 ROW_FORMAT=TOKUDB_LZMA;
SELECT TABLE_NAME, ROW_FORMAT FROM INFORMATION_SCHEMA.TABLES WHERE TABLE_NAME = 'tokudb_row_format_test1';
TABLE_NAME	ROW_FORMAT
tokudb_row_format_test1	tokudb_lzma
ALTER TABLE tokudb_row_format_test1 ROW_FORMAT=TOKUDB_SNAPPY;
SELECT TABLE_NAME, ROW_FORMAT FROM INFORMATION_SCHEMA.TABLES WHERE TABLE_NAME = 'tokudb_row_format_test1';
TABLE_NAME	ROW_FORMAT
tokudb_row_format_test1	tokudb_snappy
ALTER TABLE tokudb_row_format_test1 ROW_FORMAT=TOKUDB_FAST;
SELECT TABLE_NAME, ROW_FORMAT FROM INFORMATION_SCHEMA.TABLES WHERE TABLE_NAME = 'tokudb_row_format_test1';
TABLE_NAME	ROW_FORMAT
tokudb_row_format_test1	tokudb_quicklz
ALTER TABLE tokudb_row_format_test1 ROW_FORMAT=TOKUDB_SMALL;
SELECT TABLE_NAME, ROW_FORMAT FROM INFORMATION_SCHEMA.TABLES WHERE TABLE_NAME = 'tokudb_row_format_test1';
TABLE_NAME	ROW_FORMAT
tokudb_row_format_test1	tokudb_lzma
ALTER TABLE tokudb_row_format_test1 ROW_FORMAT=TOKUDB_NONSENSE;
ERROR 42000: You have an error in your SQL syntax; check the manual that corresponds to your MySQL server version for the right syntax to use near 'TOKUDB_NONSENSE' at line 1
SELECT TABLE_NAME, ROW_FORMAT FROM INFORMATION_SCHEMA.TABLES WHERE TABLE_NAME = 'tokudb_row_format_test1';
TABLE_NAME	ROW_FORMAT
tokudb_row_format_test1	tokudb_lzma
DROP TABLE tokudb_row_format_test1;
DROP TABLE tokudb_row_format_test2;
DROP TABLE tokudb_row_format_test3;
DROP TABLE tokudb_row_format_test4;
DROP TABLE tokudb_row_format_test5;
DROP TABLE tokudb_row_format_test6;
DROP TABLE tokudb_row_format_test7;
DROP TABLE tokudb_row_format_test8;
DROP TABLE tokudb_row_format_test9;
