SET tokudb_hide_default_row_format=OFF;
CREATE TABLE t2 (c1 INT, c2 INT) ENGINE = TOKUDB;
SHOW CREATE TABLE t2;
Table	Create Table
t2	CREATE TABLE `t2` (
  `c1` int(11) DEFAULT NULL,
  `c2` int(11) DEFAULT NULL
) ENGINE=TokuDB DEFAULT CHARSET=latin1 ROW_FORMAT=TOKUDB_ZSTD
INSERT INTO t2 VALUES (1,2),(3,4),(5,6);
SELECT * FROM t2 ORDER BY c1;
c1	c2
1	2
3	4
5	6
ALTER TABLE t2 ROW_FORMAT=TOKUDB_SNAPPY;
FLUSH TABLES;
SHOW CREATE TABLE t2;
Table	Create Table
t2	CREATE TABLE `t2` (
  `c1` int(11) DEFAULT NULL,
  `c2` int(11) DEFAULT NULL
) ENGINE=TokuDB DEFAULT CHARSET=latin1 ROW_FORMAT=TOKUDB_SNAPPY
SELECT * FROM t2 ORDER BY c1;
c1	c2
1	2
3	4
5	6
DROP TABLE t2;
