SET @@global.keyring_file_data="MYSQL_TMP_DIR/mysecret_keyring";
SET GLOBAL innodb_file_per_table = ON;
SET GLOBAL innodb_file_format = `Barracuda`;
create table t1 (a TEXT) engine=innodb encryption='Y';
BEGIN;
INSERT INTO t1 (a) VALUES ('foobarsecret');
COMMIT;
# restart:--early-plugin-load=keyring_file=keyring_file.so --loose-keyring_file_data=/home/rob/git/5.7_rotated_tablespaces_bld/mysql-test/var/tmp/mysecret_keyring --plugin-dir=/home/rob/git/5.7_rotated_tablespaces_bld/plugin/keyring --innodb-encrypt-tables=ON --innodb-encryption-rotate-key-age=15 --innodb-encryption-threads=1
# Wait max 10 min for key encryption threads to encrypt all spaces

include/assert.inc [All encrypted tables should have encrypted flag set]
# Backup t1 before corrupting
# Corrupt t1
# Now restart server with encryption turned off and wait for threads to decrypt everything
# Apart from t1 which is corrupted and it should not be possible to decrypt this table
# restart:--early-plugin-load=keyring_file=keyring_file.so --loose-keyring_file_data=/home/rob/git/5.7_rotated_tablespaces_bld/mysql-test/var/tmp/mysecret_keyring --plugin-dir=/home/rob/git/5.7_rotated_tablespaces_bld/plugin/keyring --innodb-encrypt-tables=OFF --innodb-encryption-rotate-key-age=15 --innodb-encryption-threads=1
include/assert.inc [Table t1 should stayed encrypted as some of its pages were corrupted]
include/assert.inc [Table t1 should be the only one with encrypted flag set]
SELECT * FROM t1;
ERROR HY000: Got error 500 'Table encrypted but decryption failed. This could be because correct encryption management plugin is not loaded, used encryption key is not available or encryption method does not match.' from InnoDB
# Restore the original t1
# restart:--early-plugin-load=keyring_file=keyring_file.so --loose-keyring_file_data=/home/rob/git/5.7_rotated_tablespaces_bld/mysql-test/var/tmp/mysecret_keyring --plugin-dir=/home/rob/git/5.7_rotated_tablespaces_bld/plugin/keyring --innodb-encrypt-tables=OFF --innodb-encryption-rotate-key-age=15 --innodb-encryption-threads=1
SELECT COUNT(*) FROM t1;
COUNT(*)
101
DROP TABLE t1;
