SET @@global.keyring_file_data="MYSQL_TMP_DIR/mysecret_keyring";
SET GLOBAL innodb_file_per_table = ON;
SET GLOBAL innodb_file_format = `Barracuda`;
create table t1 (a varchar(255)) engine=innodb;
include/assert.inc [Table t1 should be included in INNODB_TABLESPACES_ENCRYPTION yet - since it is not RK]
insert t1 values (repeat('foobarsecret', 12));
select * from t1;
a
foobarsecretfoobarsecretfoobarsecretfoobarsecretfoobarsecretfoobarsecretfoobarsecretfoobarsecretfoobarsecretfoobarsecretfoobarsecretfoobarsecret
# 1. Alter from unencrypted to RK
ALTER TABLE t1 encryption='KEYRING';
SHOW CREATE TABLE t1;
Table	Create Table
t1	CREATE TABLE `t1` (
  `a` varchar(255) DEFAULT NULL
) ENGINE=InnoDB DEFAULT CHARSET=latin1 ENCRYPTION='KEYRING' ENCRYPTION_KEY_ID=0
SELECT * FROM t1;
a
foobarsecretfoobarsecretfoobarsecretfoobarsecretfoobarsecretfoobarsecretfoobarsecretfoobarsecretfoobarsecretfoobarsecretfoobarsecretfoobarsecret
include/assert.inc [Table t1 should be the only one appearing in INNODB_TABLESPACES_ENCRYPTION]
CREATE TABLE t2 (a varchar(255)) engine=innodb encryption='y';
SHOW CREATE TABLE t2;
Table	Create Table
t2	CREATE TABLE `t2` (
  `a` varchar(255) DEFAULT NULL
) ENGINE=InnoDB DEFAULT CHARSET=latin1 ENCRYPTION='y'
INSERT t2 VALUES (repeat('foobarsecret', 12));
include/assert.inc [Table t2 should not be included in INNODB_TABLESPACES_ENCRYPTION - since it is not RK]
# 2. Alter from MK encryption to RK
ALTER TABLE t2 encryption='KEYRING';
SHOW CREATE TABLE t2;
Table	Create Table
t2	CREATE TABLE `t2` (
  `a` varchar(255) DEFAULT NULL
) ENGINE=InnoDB DEFAULT CHARSET=latin1 ENCRYPTION='KEYRING' ENCRYPTION_KEY_ID=0
SELECT * FROM t2;
a
foobarsecretfoobarsecretfoobarsecretfoobarsecretfoobarsecretfoobarsecretfoobarsecretfoobarsecretfoobarsecretfoobarsecretfoobarsecretfoobarsecret
include/assert.inc [Table t2 should be included in INNODB_TABLESPACES_ENCRYPTION with MIN_KEY_VERION 1 (encrypted)]
# 3. Alter from RK to MK
ALTER TABLE t1 encryption='Y';
SHOW CREATE TABLE t1;
Table	Create Table
t1	CREATE TABLE `t1` (
  `a` varchar(255) DEFAULT NULL
) ENGINE=InnoDB DEFAULT CHARSET=latin1 ENCRYPTION='Y'
SELECT * FROM t1;
a
foobarsecretfoobarsecretfoobarsecretfoobarsecretfoobarsecretfoobarsecretfoobarsecretfoobarsecretfoobarsecretfoobarsecretfoobarsecretfoobarsecret
include/assert.inc [Table t1 has been re_encrypted to Master key encryption - should disappear from INNODB_TABLESPACES_ENCRYPTION => thus only t2 should remain]
# 4. Alter from MK to unencrypted
ALTER TABLE t1 encryption='n';
SHOW CREATE TABLE t1;
Table	Create Table
t1	CREATE TABLE `t1` (
  `a` varchar(255) DEFAULT NULL
) ENGINE=InnoDB DEFAULT CHARSET=latin1 ENCRYPTION='n'
include/assert.inc [t1 should be marked as unencrypted in INNODB_TABLESPACES_ENCRYPTION]
SELECT NAME, MIN_KEY_VERSION FROM INFORMATION_SCHEMA.INNODB_TABLESPACES_ENCRYPTION WHERE MIN_KEY_VERSION;
NAME	MIN_KEY_VERSION
test/t2	1
# 5. Alter from unencrypted to RK
ALTER TABLE t1 ENCRYPTION='KEYRING';
SHOW CREATE TABLE t1;
Table	Create Table
t1	CREATE TABLE `t1` (
  `a` varchar(255) DEFAULT NULL
) ENGINE=InnoDB DEFAULT CHARSET=latin1 ENCRYPTION='KEYRING' ENCRYPTION_KEY_ID=0
include/assert.inc [Table t1 should be included in INNODB_TABLESPACES_ENCRYPTION]
# 6. Alter from RK to unencrypted
ALTER TABLE t1 ENCRYPTION='n';
SHOW CREATE TABLE t1;
Table	Create Table
t1	CREATE TABLE `t1` (
  `a` varchar(255) DEFAULT NULL
) ENGINE=InnoDB DEFAULT CHARSET=latin1 ENCRYPTION='n'
include/assert.inc [Table t1 should appear in INNODB_TABLESPACES_ENCRYPTION but with MIN_KEY_VERSION (0) UNENCRYPTED]
# 7. Alter to RK INPLACE
ALTER TABLE t1 ENCRYPTION='KEYRING', ALGORITHM=INPLACE;
SHOW CREATE TABLE t1;
Table	Create Table
t1	CREATE TABLE `t1` (
  `a` varchar(255) DEFAULT NULL
) ENGINE=InnoDB DEFAULT CHARSET=latin1 ENCRYPTION='KEYRING' ENCRYPTION_KEY_ID=0
include/assert.inc [Table t1 should appear in INNODB_TABLESPACES_ENCRYPTION with MIN_KEY_VERSION (1) ENCRYPTED]
# 8. Alter to UNENCRYPTED INPLACE
ALTER TABLE t1 ENCRYPTION='N', ALGORITHM=INPLACE;
SHOW CREATE TABLE t1;
Table	Create Table
t1	CREATE TABLE `t1` (
  `a` varchar(255) DEFAULT NULL
) ENGINE=InnoDB DEFAULT CHARSET=latin1 ENCRYPTION='N'
include/assert.inc [Table t1 should appear in INNODB_TABLESPACES_ENCRYPTION with MIN_KEY_VERSION (0) UNENCRYPTED]
# 9. Alter ENCRYPTION_KEY_ID
ALTER TABLE t1 ENCRYPTION='KEYRING' ENCRYPTION_KEY_ID=5;
SHOW CREATE TABLE t1;
Table	Create Table
t1	CREATE TABLE `t1` (
  `a` varchar(255) DEFAULT NULL
) ENGINE=InnoDB DEFAULT CHARSET=latin1 ENCRYPTION='KEYRING' ENCRYPTION_KEY_ID=5
include/assert.inc [Table t1 should appear in INNODB_TABLESPACES_ENCRYPTION with MIN_KEY_VERSION (1) ENCRYPTED KEY_ID =5]
# 10. Alter ENCRYPTION_KEY_ID INPLACE
ALTER TABLE t1 ENCRYPTION='KEYRING' ENCRYPTION_KEY_ID=6, ALGORITHM=INPLACE;
SHOW CREATE TABLE t1;
Table	Create Table
t1	CREATE TABLE `t1` (
  `a` varchar(255) DEFAULT NULL
) ENGINE=InnoDB DEFAULT CHARSET=latin1 ENCRYPTION='KEYRING' ENCRYPTION_KEY_ID=6
include/assert.inc [Table t1 should appear in INNODB_TABLESPACES_ENCRYPTION with MIN_KEY_VERSION (1) ENCRYPTED KEY_ID =6]
ALTER TABLE t1 ENCRYPTION_KEY_ID=8;
SHOW CREATE TABLE t1;
Table	Create Table
t1	CREATE TABLE `t1` (
  `a` varchar(255) DEFAULT NULL
) ENGINE=InnoDB DEFAULT CHARSET=latin1 ENCRYPTION='KEYRING' ENCRYPTION_KEY_ID=8
include/assert.inc [Table t1 should appear in INNODB_TABLESPACES_ENCRYPTION with MIN_KEY_VERSION (1) ENCRYPTED KEY_ID =8]
SELECT * FROM INFORMATION_SCHEMA.INNODB_TABLESPACES_ENCRYPTION;
SPACE	NAME	ENCRYPTION_SCHEME	KEYSERVER_REQUESTS	MIN_KEY_VERSION	CURRENT_KEY_VERSION	KEY_ROTATION_PAGE_NUMBER	KEY_ROTATION_MAX_PAGE_NUMBER	CURRENT_KEY_ID	ROTATING_OR_FLUSHING
26	test/t2	1	0	1	1	NULL	NULL	0	0
35	test/t1	1	0	1	1	NULL	NULL	8	0
ALTER TABLE t1 ENCRYPTION_KEY_ID=9, ALGORITHM=INPLACE;
SHOW CREATE TABLE t1;
Table	Create Table
t1	CREATE TABLE `t1` (
  `a` varchar(255) DEFAULT NULL
) ENGINE=InnoDB DEFAULT CHARSET=latin1 ENCRYPTION='KEYRING' ENCRYPTION_KEY_ID=9
SELECT * FROM INFORMATION_SCHEMA.INNODB_TABLESPACES_ENCRYPTION;
SPACE	NAME	ENCRYPTION_SCHEME	KEYSERVER_REQUESTS	MIN_KEY_VERSION	CURRENT_KEY_VERSION	KEY_ROTATION_PAGE_NUMBER	KEY_ROTATION_MAX_PAGE_NUMBER	CURRENT_KEY_ID	ROTATING_OR_FLUSHING
26	test/t2	1	0	1	1	NULL	NULL	0	0
36	test/t1	1	0	1	1	NULL	NULL	9	0
include/assert.inc [Table t1 should appear in INNODB_TABLESPACES_ENCRYPTION with MIN_KEY_VERSION (1) ENCRYPTED KEY_ID =9]
# It should not be possible to alter table to Master Key encryption INPLACE
ALTER TABLE t1 ENCRYPTION='Y', ALGORITHM=INPLACE;
ERROR 0A000: ALGORITHM=INPLACE is not supported. Reason: Cannot alter encryption attribute by inplace algorithm.. Try ALGORITHM=COPY.
# It should not be possible to decrypt with ENCRYPTION_KEY_ID set
ALTER TABLE t1 ENCRYPTION='N' ENCRYPTION_KEY_ID=6;
Warnings:
Warning	140	InnoDB: Ignored ENCRYPTION_KEY_ID 6 when encryption is disabled.
SHOW CREATE TABLE t1;
Table	Create Table
t1	CREATE TABLE `t1` (
  `a` varchar(255) DEFAULT NULL
) ENGINE=InnoDB DEFAULT CHARSET=latin1 ENCRYPTION='N'
ALTER TABLE t1 ENCRYPTION='N';
SHOW CREATE TABLE t1;
Table	Create Table
t1	CREATE TABLE `t1` (
  `a` varchar(255) DEFAULT NULL
) ENGINE=InnoDB DEFAULT CHARSET=latin1 ENCRYPTION='N'
CREATE TABLE t3 (a varchar(255)) engine=innodb;
SHOW CREATE TABLE t3;
Table	Create Table
t3	CREATE TABLE `t3` (
  `a` varchar(255) DEFAULT NULL
) ENGINE=InnoDB DEFAULT CHARSET=latin1
INSERT t3 VALUES (repeat('foobarsecret', 12));
CREATE TABLE t_rk_with_encryption_key_id (a varchar(255)) engine=innodb ENCRYPTION='KEYRING' ENCRYPTION_KEY_ID=5;
CREATE TABLE t_alter_encryption_key_id (a varchar(255)) engine=innodb;
CREATE TABLE t_alter_to_rk (a varchar(255)) engine=innodb;
ALTER TABLE t_alter_to_rk ENCRYPTION='KEYRING';
ALTER TABLE t_alter_encryption_key_id ENCRYPTION_KEY_ID = 6;
SHOW CREATE TABLE t_alter_encryption_key_id;
Table	Create Table
t_alter_encryption_key_id	CREATE TABLE `t_alter_encryption_key_id` (
  `a` varchar(255) DEFAULT NULL
) ENGINE=InnoDB DEFAULT CHARSET=latin1 ENCRYPTION_KEY_ID=6
SHOW CREATE TABLE t_alter_to_rk;
Table	Create Table
t_alter_to_rk	CREATE TABLE `t_alter_to_rk` (
  `a` varchar(255) DEFAULT NULL
) ENGINE=InnoDB DEFAULT CHARSET=latin1 ENCRYPTION='KEYRING' ENCRYPTION_KEY_ID=0
# Testing alters with innodb-encrypt-tables ONLINE_TO_KEYRING
# restart:--innodb-encrypt-tables=ONLINE_TO_KEYRING --innodb-encryption-rotate-key-age=15 --innodb-encryption-threads=4
# Check that tables' definitions are correct after the reset
SHOW CREATE TABLE t1;
Table	Create Table
t1	CREATE TABLE `t1` (
  `a` varchar(255) DEFAULT NULL
) ENGINE=InnoDB DEFAULT CHARSET=latin1 ENCRYPTION='N'
SHOW CREATE TABLE t2;
Table	Create Table
t2	CREATE TABLE `t2` (
  `a` varchar(255) DEFAULT NULL
) ENGINE=InnoDB DEFAULT CHARSET=latin1 ENCRYPTION='KEYRING' ENCRYPTION_KEY_ID=0
SHOW CREATE TABLE t3;
Table	Create Table
t3	CREATE TABLE `t3` (
  `a` varchar(255) DEFAULT NULL
) ENGINE=InnoDB DEFAULT CHARSET=latin1
SHOW CREATE TABLE t_rk_with_encryption_key_id;
Table	Create Table
t_rk_with_encryption_key_id	CREATE TABLE `t_rk_with_encryption_key_id` (
  `a` varchar(255) DEFAULT NULL
) ENGINE=InnoDB DEFAULT CHARSET=latin1 ENCRYPTION='KEYRING' ENCRYPTION_KEY_ID=5
SHOW CREATE TABLE t_alter_to_rk;
Table	Create Table
t_alter_to_rk	CREATE TABLE `t_alter_to_rk` (
  `a` varchar(255) DEFAULT NULL
) ENGINE=InnoDB DEFAULT CHARSET=latin1 ENCRYPTION='KEYRING' ENCRYPTION_KEY_ID=0
SHOW CREATE TABLE t_alter_encryption_key_id;
Table	Create Table
t_alter_encryption_key_id	CREATE TABLE `t_alter_encryption_key_id` (
  `a` varchar(255) DEFAULT NULL
) ENGINE=InnoDB DEFAULT CHARSET=latin1 ENCRYPTION_KEY_ID=6
#Wait for all tables to get encrypted (apart from t1)
# Alter ENCRYPTION_KEY_ID when t3 was encrypted with encryption thread
ALTER TABLE t3 ENCRYPTION_KEY_ID=3;
SHOW CREATE TABLE t3;
Table	Create Table
t3	CREATE TABLE `t3` (
  `a` varchar(255) DEFAULT NULL
) ENGINE=InnoDB DEFAULT CHARSET=latin1 ENCRYPTION_KEY_ID=3
include/assert.inc [Table t3 should appear in INNODB_TABLESPACES_ENCRYPTION with MIN_KEY_VERSION (1) ENCRYPTED KEY_ID =3]
# Alter ENCRYPTION_KEY_ID INPLACE when t3 was encrypted with encryption thread
ALTER TABLE t3 ENCRYPTION_KEY_ID=4, ALGORITHM=INPLACE;
SHOW CREATE TABLE t3;
Table	Create Table
t3	CREATE TABLE `t3` (
  `a` varchar(255) DEFAULT NULL
) ENGINE=InnoDB DEFAULT CHARSET=latin1 ENCRYPTION_KEY_ID=4
include/assert.inc [Table t3 should appear in INNODB_TABLESPACES_ENCRYPTION with MIN_KEY_VERSION (1) ENCRYPTED KEY_ID =4]
# Now decrypt t3. It should it should still be possible to change the ENCRYPTION_KEY_ID.
SET GLOBAL innodb_encrypt_tables=ONLINE_FROM_KEYRING_TO_UNENCRYPTED;
#Wait for all tables to get decrypted (apart from t2, t_rk_with_encryption_key_id, t_alter_to_rk)
# Alter ENCRYPTION_KEY_ID of unencrypted table. The key_id 5 should be used during encryption with encryption
# threads. However note that t3 was already encrypted with rotated threads.
ALTER TABLE t3 ENCRYPTION_KEY_ID=5, ALGORITHM=INPLACE;
SHOW CREATE TABLE t3;
Table	Create Table
t3	CREATE TABLE `t3` (
  `a` varchar(255) DEFAULT NULL
) ENGINE=InnoDB DEFAULT CHARSET=latin1 ENCRYPTION_KEY_ID=5
include/assert.inc [Table t3 should appear in INNODB_TABLESPACES_ENCRYPTION with MIN_KEY_VERSION (0 => UNECRYPTED) AND ENCRYPTED KEY_ID=5]
# After the re-encryption t3 should get encrypted with key 5
SET GLOBAL innodb_encrypt_tables=ONLINE_TO_KEYRING;
#Wait for all tables to get encrypted (apart from t1)
include/assert.inc [Table t3 should appear in INNODB_TABLESPACES_ENCRYPTION with MIN_KEY_VERSION (1) ENCRYPTED KEY_ID =5]
SHOW CREATE TABLE t3;
Table	Create Table
t3	CREATE TABLE `t3` (
  `a` varchar(255) DEFAULT NULL
) ENGINE=InnoDB DEFAULT CHARSET=latin1 ENCRYPTION_KEY_ID=5
# Testing if alter encryption_encryption_key_id works on tables which was not previously encrypted with KEYRING
# i.e. on plain innodb tables.
# Turn off encryption threads and encryption
SET GLOBAL innodb_encryption_threads=0;
SET GLOBAL innodb_encrypt_tables=ONLINE_FROM_KEYRING_TO_UNENCRYPTED;
CREATE TABLE t4 (a varchar(255)) engine=innodb;
SHOW CREATE TABLE t4;
Table	Create Table
t4	CREATE TABLE `t4` (
  `a` varchar(255) DEFAULT NULL
) ENGINE=InnoDB DEFAULT CHARSET=latin1
INSERT t4 VALUES (repeat('foobarsecret', 12));
include/assert.inc [Table t4 should NOT appear in INNODB_TABLESPACES_ENCRYPTION]
ALTER TABLE t4 ENCRYPTION_KEY_ID=6;
SHOW CREATE TABLE t4;
Table	Create Table
t4	CREATE TABLE `t4` (
  `a` varchar(255) DEFAULT NULL
) ENGINE=InnoDB DEFAULT CHARSET=latin1 ENCRYPTION_KEY_ID=6
include/assert.inc [Table t4 should appear in INNODB_TABLESPACES_ENCRYPTION with MIN_KEY_VERSION (0 => UNENCRYPTED) AND ENCRYPTION_KEY_ID =6]
# Encrypt all tables and check if t4 got encrypted with ENCRYPTION KEY 6
SET GLOBAL innodb_encryption_threads=4;
SET GLOBAL innodb_encrypt_tables=ONLINE_TO_KEYRING;
#Wait for all tables to get encrypted (apart from t1)
include/assert.inc [Table t4 should appear in INNODB_TABLESPACES_ENCRYPTION with MIN_KEY_VERSION (1 => ENCRYPTED) AND ENCRYPTION_KEY_ID =6]
drop table t1,t2,t3,t4,t_rk_with_encryption_key_id,t_alter_to_rk,t_alter_encryption_key_id;
